User ID,Subscription Type,Monthly Revenue,Join Date,Last Payment Date,Country,Age,Gender,Device,Plan Duration,plan_duration_days,days_since_last_payment,user_lifetime_days,is_churned
1,Basic,10,2022-01-15,2022-05-27,United States,28,Male,Smartphone,1 Month,30,1058,1190,1
2,Premium,15,2021-09-05,2022-12-14,Canada,35,Female,Tablet,1 Month,30,857,1322,1
3,Standard,12,2023-02-28,2023-12-25,United Kingdom,42,Male,Smart TV,1 Month,30,481,781,1
4,Standard,12,2022-07-10,2022-11-23,Australia,51,Female,Laptop,1 Month,30,878,1014,1
5,Basic,10,2023-05-01,2023-08-10,Germany,33,Male,Smartphone,1 Month,30,618,719,1
6,Premium,15,2022-03-18,2022-05-07,France,29,Female,Smart TV,1 Month,30,1078,1128,1
7,Standard,12,2021-12-09,2023-09-14,Brazil,46,Male,Tablet,1 Month,30,583,1227,1
8,Basic,10,2023-04-02,2023-08-31,Mexico,39,Female,Laptop,1 Month,30,597,748,1
9,Standard,12,2022-10-20,2024-02-28,Spain,37,Male,Smartphone,1 Month,30,416,912,1
10,Premium,15,2023-01-07,2023-09-08,Italy,44,Female,Smart TV,1 Month,30,589,833,1
11,Basic,10,2022-05-16,2023-05-11,United States,31,Female,Smartphone,1 Month,30,709,1069,1
12,Premium,15,2023-03-23,2024-07-23,Canada,45,Male,Tablet,1 Month,30,270,758,1
13,Standard,12,2021-11-30,2022-03-27,United Kingdom,48,Female,Laptop,1 Month,30,1119,1236,1
14,Basic,10,2022-08-01,2023-09-07,Australia,27,Male,Smartphone,1 Month,30,590,992,1
15,Standard,12,2023-05-09,2023-09-15,Germany,38,Female,Smart TV,1 Month,30,582,711,1
16,Premium,15,2022-04-07,2024-02-29,France,36,Male,Tablet,1 Month,30,415,1108,1
17,Basic,10,2022-01-24,2022-07-03,Brazil,30,Female,Laptop,1 Month,30,1021,1181,1
18,Standard,12,2021-10-18,2023-09-09,Mexico,43,Male,Smartphone,1 Month,30,588,1279,1
19,Premium,15,2023-02-15,2024-01-19,Spain,32,Female,Smart TV,1 Month,30,456,794,1
20,Basic,10,2023-05-27,2024-06-03,Italy,41,Male,Tablet,1 Month,30,320,693,1
21,Premium,15,2023-06-10,2024-11-12,United States,26,Female,Laptop,1 Month,30,158,679,1
22,Basic,10,2022-07-22,2023-10-08,Canada,34,Male,Smartphone,1 Month,30,559,1002,1
23,Standard,12,2021-12-05,2023-01-24,United Kingdom,49,Female,Smart TV,1 Month,30,816,1231,1
24,Standard,12,2022-04-03,2022-11-10,Australia,31,Male,Tablet,1 Month,30,891,1112,1
25,Basic,10,2023-03-14,2024-01-14,Germany,40,Female,Laptop,1 Month,30,461,767,1
26,Premium,15,2022-01-12,2022-07-21,France,29,Male,Smartphone,1 Month,30,1003,1193,1
27,Basic,10,2022-08-29,2023-12-31,Brazil,47,Female,Smart TV,1 Month,30,475,964,1
28,Standard,12,2021-09-27,2022-09-05,Mexico,33,Male,Tablet,1 Month,30,957,1300,1
29,Premium,15,2022-12-19,2023-02-08,Spain,36,Female,Laptop,1 Month,30,801,852,1
30,Basic,10,2023-05-17,2024-02-23,Italy,42,Male,Smartphone,1 Month,30,421,703,1
31,Premium,15,2023-02-03,2024-09-15,United States,28,Female,Smart TV,1 Month,30,216,806,1
32,Basic,10,2022-07-07,2023-11-23,Canada,37,Male,Tablet,1 Month,30,513,1017,1
33,Standard,12,2022-01-21,2022-04-19,United Kingdom,41,Female,Laptop,1 Month,30,1096,1184,1
34,Standard,12,2022-05-25,2023-11-16,Australia,29,Male,Smartphone,1 Month,30,520,1060,1
35,Basic,10,2023-04-11,2024-08-28,Germany,39,Female,Smart TV,1 Month,30,234,739,1
36,Premium,15,2022-03-01,2022-10-06,France,35,Male,Tablet,1 Month,30,926,1145,1
37,Basic,10,2022-09-14,2024-04-28,Brazil,45,Female,Laptop,1 Month,30,356,948,1
38,Standard,12,2021-11-05,2023-06-24,Mexico,32,Male,Smartphone,1 Month,30,665,1261,1
39,Premium,15,2022-12-28,2023-09-27,Spain,27,Female,Smart TV,1 Month,30,570,843,1
40,Basic,10,2023-03-07,2024-08-22,Italy,48,Male,Tablet,1 Month,30,240,774,1
41,Premium,15,2023-01-20,2023-06-29,United States,31,Female,Laptop,1 Month,30,660,820,1
42,Basic,10,2022-06-15,2023-11-11,Canada,40,Male,Smartphone,1 Month,30,525,1039,1
43,Standard,12,2022-02-07,2023-12-15,United Kingdom,36,Female,Smart TV,1 Month,30,491,1167,1
44,Standard,12,2022-04-26,2022-06-15,Australia,29,Male,Tablet,1 Month,30,1039,1089,1
45,Basic,10,2023-01-28,2023-08-12,Germany,43,Female,Laptop,1 Month,30,616,812,1
46,Premium,15,2022-02-23,2022-12-23,France,34,Male,Smartphone,1 Month,30,848,1151,1
47,Basic,10,2022-10-05,2023-11-26,Brazil,39,Female,Smart TV,1 Month,30,510,927,1
48,Standard,12,2021-09-15,2023-06-07,Mexico,32,Male,Tablet,1 Month,30,682,1312,1
49,Premium,15,2022-11-10,2023-10-21,Spain,28,Female,Laptop,1 Month,30,546,891,1
50,Basic,10,2023-06-02,2023-07-15,Italy,45,Male,Smartphone,1 Month,30,644,687,1
51,Premium,15,2023-02-27,2023-11-25,United States,30,Female,Smart TV,1 Month,30,511,782,1
52,Basic,10,2022-08-29,2023-09-08,Canada,37,Male,Tablet,1 Month,30,589,964,1
53,Standard,12,2022-01-13,2023-08-30,United Kingdom,41,Female,Laptop,1 Month,30,598,1192,1
54,Standard,12,2022-06-30,2023-07-04,Australia,29,Male,Smartphone,1 Month,30,655,1024,1
55,Basic,10,2023-04-20,2023-08-19,Germany,39,Female,Smart TV,1 Month,30,609,730,1
56,Premium,15,2022-03-15,2023-04-15,France,36,Male,Tablet,1 Month,30,735,1131,1
57,Basic,10,2022-10-01,2024-01-28,Brazil,46,Female,Laptop,1 Month,30,447,931,1
58,Standard,12,2021-10-08,2023-01-08,Mexico,34,Male,Smartphone,1 Month,30,832,1289,1
59,Premium,15,2022-12-03,2024-05-24,Spain,27,Female,Smart TV,1 Month,30,330,868,1
60,Basic,10,2023-06-14,2023-08-17,Italy,42,Male,Tablet,1 Month,30,611,675,1
61,Premium,15,2023-02-08,2023-10-01,United States,28,Female,Laptop,1 Month,30,566,801,1
62,Basic,10,2022-08-03,2022-11-21,Canada,37,Male,Smartphone,1 Month,30,880,990,1
63,Standard,12,2022-02-23,2023-10-07,United Kingdom,41,Female,Smart TV,1 Month,30,560,1151,1
64,Standard,12,2022-06-20,2023-08-11,Australia,29,Male,Tablet,1 Month,30,617,1034,1
65,Basic,10,2023-03-29,2023-04-29,Germany,40,Female,Laptop,1 Month,30,721,752,1
66,Premium,15,2022-01-30,2023-03-25,France,29,Male,Smartphone,1 Month,30,756,1175,1
67,Basic,10,2022-09-18,2024-05-05,Brazil,47,Female,Smart TV,1 Month,30,349,944,1
68,Standard,12,2021-11-09,2022-03-24,Mexico,33,Male,Tablet,1 Month,30,1122,1257,1
69,Premium,15,2022-12-23,2024-05-12,Spain,36,Female,Laptop,1 Month,30,342,848,1
70,Basic,10,2023-05-08,2024-07-12,Italy,41,Male,Smartphone,1 Month,30,281,712,1
71,Basic,10,2022-01-26,2023-09-03,United States,27,Male,Smartphone,1 Month,30,594,1179,1
72,Basic,10,2022-10-11,2023-04-20,Canada,31,Female,Smartphone,1 Month,30,730,921,1
73,Standard,12,2022-09-27,2023-05-16,United Kingdom,28,Female,Laptop,1 Month,30,704,935,1
74,Premium,13,2022-12-14,2023-10-09,Australia,41,Female,Smartphone,1 Month,30,558,857,1
75,Basic,13,2022-05-28,2023-03-24,Germany,28,Female,Laptop,1 Month,30,757,1057,1
76,Basic,13,2021-12-29,2023-04-28,France,51,Female,Laptop,1 Month,30,722,1207,1
77,Premium,15,2022-12-25,2024-04-29,Brazil,45,Female,Smartphone,1 Month,30,355,846,1
78,Standard,15,2022-11-18,2023-08-26,Mexico,49,Male,Tablet,1 Month,30,602,883,1
79,Standard,15,2022-12-03,2023-10-24,Spain,43,Female,Laptop,1 Month,30,543,868,1
80,Basic,12,2022-11-08,2023-11-10,Italy,43,Male,Tablet,1 Month,30,526,893,1
81,Premium,10,2023-01-11,2023-04-03,United States,37,Male,Tablet,1 Month,30,747,829,1
82,Standard,12,2022-12-07,2023-08-10,Canada,35,Male,Laptop,1 Month,30,618,864,1
83,Basic,10,2022-10-20,2023-05-25,United Kingdom,46,Female,Smartphone,1 Month,30,695,912,1
84,Standard,12,2023-04-13,2024-05-26,Australia,32,Male,Smartphone,1 Month,30,328,737,1
85,Premium,10,2023-04-06,2024-09-09,Germany,37,Female,Laptop,1 Month,30,222,744,1
86,Basic,11,2022-03-04,2022-05-13,France,29,Female,Smartphone,1 Month,30,1072,1142,1
87,Premium,15,2021-12-28,2022-07-02,Brazil,45,Male,Smart TV,1 Month,30,1022,1208,1
88,Standard,12,2022-09-27,2022-11-10,Mexico,47,Male,Tablet,1 Month,30,891,935,1
89,Basic,15,2022-10-20,2023-01-22,Spain,39,Male,Smartphone,1 Month,30,818,912,1
90,Standard,13,2023-02-03,2024-08-06,Italy,49,Female,Smartphone,1 Month,30,256,806,1
91,Premium,11,2022-10-03,2023-10-11,United States,39,Male,Tablet,1 Month,30,556,929,1
92,Basic,14,2022-01-05,2022-06-12,Canada,39,Male,Smart TV,1 Month,30,1042,1200,1
93,Standard,12,2022-02-05,2023-12-14,United Kingdom,35,Male,Smartphone,1 Month,30,492,1169,1
94,Premium,12,2022-03-19,2023-08-02,Australia,44,Male,Smartphone,1 Month,30,626,1127,1
95,Basic,11,2022-02-28,2022-05-31,Germany,34,Male,Laptop,1 Month,30,1054,1146,1
96,Premium,14,2022-07-26,2023-01-10,France,32,Male,Laptop,1 Month,30,830,998,1
97,Basic,10,2022-03-05,2023-08-15,Brazil,29,Female,Tablet,1 Month,30,613,1141,1
98,Standard,13,2022-03-07,2023-11-19,Mexico,31,Female,Tablet,1 Month,30,517,1139,1
99,Standard,12,2023-01-13,2024-03-09,Spain,29,Female,Tablet,1 Month,30,406,827,1
100,Basic,12,2023-01-22,2024-04-14,Italy,35,Male,Laptop,1 Month,30,370,818,1
101,Premium,11,2022-10-17,2023-08-31,United States,46,Female,Tablet,1 Month,30,597,915,1
102,Basic,12,2022-03-29,2023-05-11,Canada,31,Male,Tablet,1 Month,30,709,1117,1
103,Standard,13,2022-04-04,2023-09-05,United Kingdom,36,Male,Laptop,1 Month,30,592,1111,1
104,Premium,10,2022-06-08,2023-02-23,Australia,38,Male,Laptop,1 Month,30,786,1046,1
105,Basic,11,2022-03-04,2022-05-13,Germany,46,Female,Laptop,1 Month,30,1072,1142,1
106,Premium,10,2022-03-18,2022-05-14,France,49,Female,Tablet,1 Month,30,1071,1128,1
107,Basic,14,2022-03-07,2022-08-18,Brazil,29,Female,Smart TV,1 Month,30,975,1139,1
108,Standard,12,2022-05-24,2023-01-09,Mexico,27,Female,Smart TV,1 Month,30,831,1061,1
109,Standard,13,2023-02-08,2023-04-11,Spain,35,Female,Tablet,1 Month,30,739,801,1
110,Basic,13,2023-01-26,2023-04-13,Italy,37,Female,Laptop,1 Month,30,737,814,1
111,Premium,14,2022-07-14,2023-12-28,United States,40,Male,Tablet,1 Month,30,478,1010,1
112,Basic,10,2022-06-01,2023-08-11,Canada,33,Female,Laptop,1 Month,30,617,1053,1
113,Standard,15,2022-05-07,2023-12-31,United Kingdom,37,Male,Tablet,1 Month,30,475,1078,1
114,Premium,10,2022-11-18,2023-03-26,Australia,48,Male,Smartphone,1 Month,30,755,883,1
115,Basic,11,2022-04-05,2023-11-02,Germany,50,Female,Laptop,1 Month,30,534,1110,1
116,Premium,14,2022-05-19,2024-02-20,France,45,Female,Smart TV,1 Month,30,424,1066,1
117,Basic,15,2021-10-30,2023-03-05,Brazil,40,Female,Tablet,1 Month,30,776,1267,1
118,Standard,12,2022-08-07,2024-06-09,Mexico,33,Male,Smartphone,1 Month,30,314,986,1
119,Standard,11,2022-09-20,2022-10-24,Spain,44,Female,Smartphone,1 Month,30,908,942,1
120,Basic,10,2022-10-18,2023-06-22,Italy,30,Female,Smart TV,1 Month,30,667,914,1
121,Premium,15,2022-10-03,2024-03-18,United States,27,Male,Smart TV,1 Month,30,397,929,1
122,Basic,11,2022-05-03,2023-07-04,Canada,51,Male,Smart TV,1 Month,30,655,1082,1
123,Standard,13,2022-05-25,2023-07-21,United Kingdom,49,Female,Smartphone,1 Month,30,638,1060,1
124,Premium,15,2022-11-05,2023-06-29,Australia,43,Male,Laptop,1 Month,30,660,896,1
125,Basic,12,2022-08-21,2022-10-04,Germany,42,Male,Smartphone,1 Month,30,928,972,1
126,Premium,13,2022-09-21,2024-04-26,France,45,Male,Laptop,1 Month,30,358,941,1
127,Basic,10,2021-11-23,2023-03-28,Brazil,36,Male,Smartphone,1 Month,30,753,1243,1
128,Standard,12,2022-10-06,2024-06-01,Mexico,48,Male,Smartphone,1 Month,30,322,926,1
129,Standard,13,2022-11-05,2023-08-02,Spain,38,Male,Smart TV,1 Month,30,626,896,1
130,Basic,14,2023-01-07,2024-08-22,Italy,43,Female,Tablet,1 Month,30,240,833,1
131,Premium,15,2022-10-06,2023-02-08,United States,47,Male,Laptop,1 Month,30,801,926,1
132,Basic,15,2022-06-24,2023-11-20,Canada,48,Female,Smart TV,1 Month,30,516,1030,1
133,Standard,13,2022-06-24,2023-09-03,United Kingdom,47,Male,Smart TV,1 Month,30,594,1030,1
134,Premium,15,2022-11-05,2023-07-23,Australia,32,Male,Tablet,1 Month,30,636,896,1
135,Basic,13,2022-07-18,2024-06-01,Germany,47,Female,Smart TV,1 Month,30,322,1006,1
136,Premium,12,2022-09-13,2023-04-01,France,41,Female,Smart TV,1 Month,30,749,949,1
137,Basic,12,2022-08-10,2024-03-02,Brazil,49,Male,Laptop,1 Month,30,413,983,1
138,Standard,15,2022-09-21,2022-11-25,Mexico,28,Male,Laptop,1 Month,30,876,941,1
139,Standard,13,2023-03-24,2024-09-28,Spain,40,Male,Smartphone,1 Month,30,203,757,1
140,Basic,12,2022-05-02,2022-11-07,Italy,43,Female,Smartphone,1 Month,30,894,1083,1
141,Premium,12,2022-05-11,2023-02-07,United States,42,Male,Smartphone,1 Month,30,802,1074,1
142,Basic,14,2022-06-10,2022-10-03,Canada,28,Male,Smart TV,1 Month,30,929,1044,1
143,Standard,14,2022-08-31,2024-04-29,United Kingdom,30,Female,Tablet,1 Month,30,355,962,1
144,Premium,10,2022-08-17,2024-03-25,Australia,33,Male,Smart TV,1 Month,30,390,976,1
145,Basic,11,2022-05-05,2023-12-29,Germany,35,Female,Laptop,1 Month,30,477,1080,1
146,Basic,10,2022-10-06,2024-08-11,France,38,Male,Tablet,1 Month,30,251,926,1
147,Basic,12,2022-11-08,2023-01-04,Brazil,49,Female,Laptop,1 Month,30,836,893,1
148,Standard,15,2022-11-27,2024-09-06,Mexico,39,Female,Smartphone,1 Month,30,225,874,1
149,Premium,13,2022-11-17,2024-06-24,Spain,46,Female,Smart TV,1 Month,30,299,884,1
150,Basic,10,2022-12-15,2023-12-19,Italy,47,Female,Laptop,1 Month,30,487,856,1
151,Basic,15,2022-12-12,2023-12-07,United States,30,Female,Laptop,1 Month,30,499,859,1
152,Premium,14,2022-11-23,2024-09-22,Canada,33,Female,Tablet,1 Month,30,209,878,1
153,Standard,11,2022-12-25,2024-06-12,United Kingdom,47,Male,Smartphone,1 Month,30,311,846,1
154,Standard,11,2023-03-11,2024-03-22,Australia,27,Male,Laptop,1 Month,30,393,770,1
155,Basic,14,2022-11-18,2024-04-03,Germany,28,Male,Tablet,1 Month,30,381,883,1
156,Premium,15,2022-08-19,2023-05-06,France,47,Male,Smartphone,1 Month,30,714,974,1
157,Standard,14,2022-09-27,2023-05-04,Brazil,30,Male,Laptop,1 Month,30,716,935,1
158,Basic,13,2022-10-19,2023-06-30,Mexico,47,Female,Smartphone,1 Month,30,659,913,1
159,Standard,10,2022-12-21,2024-02-08,Spain,51,Female,Smart TV,1 Month,30,436,850,1
160,Premium,15,2022-10-27,2023-12-07,Italy,39,Male,Smartphone,1 Month,30,499,905,1
161,Basic,10,2022-10-23,2023-08-31,United States,45,Male,Tablet,1 Month,30,597,909,1
162,Premium,15,2022-04-19,2024-02-10,Canada,31,Male,Laptop,1 Month,30,434,1096,1
163,Standard,11,2022-04-05,2024-01-22,United Kingdom,29,Male,Laptop,1 Month,30,453,1110,1
164,Basic,11,2022-03-11,2022-12-24,Australia,42,Female,Tablet,1 Month,30,847,1135,1
165,Standard,14,2022-05-25,2023-06-17,Germany,49,Male,Tablet,1 Month,30,672,1060,1
166,Premium,13,2022-04-16,2023-08-14,France,42,Male,Laptop,1 Month,30,614,1099,1
167,Basic,13,2022-04-07,2023-06-21,Brazil,29,Male,Smartphone,1 Month,30,668,1108,1
168,Standard,10,2022-12-11,2024-10-19,Mexico,29,Male,Tablet,1 Month,30,182,860,1
169,Premium,12,2023-01-20,2024-01-02,Spain,49,Male,Tablet,1 Month,30,473,820,1
170,Basic,14,2023-01-12,2023-09-23,Italy,32,Male,Laptop,1 Month,30,574,828,1
171,Premium,11,2022-04-29,2023-01-17,United States,35,Female,Tablet,1 Month,30,823,1086,1
172,Basic,12,2022-04-27,2024-03-20,Canada,39,Female,Smartphone,1 Month,30,395,1088,1
173,Standard,15,2022-06-03,2023-07-11,United Kingdom,40,Male,Smartphone,1 Month,30,648,1051,1
174,Standard,14,2022-04-23,2024-01-20,Australia,39,Female,Tablet,1 Month,30,455,1092,1
175,Basic,10,2022-04-22,2023-09-05,Germany,47,Female,Laptop,1 Month,30,592,1093,1
176,Premium,13,2022-04-12,2022-12-30,France,37,Female,Smart TV,1 Month,30,841,1103,1
177,Basic,15,2022-05-23,2022-10-12,Brazil,27,Female,Smartphone,1 Month,30,920,1062,1
178,Standard,13,2022-10-19,2024-03-28,Mexico,49,Female,Laptop,1 Month,30,387,913,1
179,Premium,10,2022-12-03,2024-03-18,Spain,30,Female,Tablet,1 Month,30,397,868,1
180,Basic,14,2022-09-26,2024-05-11,Italy,36,Male,Laptop,1 Month,30,343,936,1
181,Premium,15,2022-06-16,2023-04-09,United States,33,Male,Smartphone,1 Month,30,741,1038,1
182,Basic,13,2022-05-16,2023-11-06,Canada,30,Female,Laptop,1 Month,30,530,1069,1
183,Standard,15,2022-05-26,2023-07-15,United Kingdom,36,Female,Tablet,1 Month,30,644,1059,1
184,Standard,13,2022-04-26,2023-06-16,Australia,28,Female,Laptop,1 Month,30,673,1089,1
185,Basic,11,2022-05-12,2022-10-01,Germany,47,Female,Tablet,1 Month,30,931,1073,1
186,Premium,12,2022-03-01,2023-12-03,France,33,Female,Smart TV,1 Month,30,503,1145,1
187,Basic,13,2022-07-10,2024-04-24,Brazil,49,Female,Laptop,1 Month,30,360,1014,1
188,Standard,15,2022-07-16,2022-11-03,Mexico,44,Female,Smart TV,1 Month,30,898,1008,1
189,Premium,13,2022-09-02,2023-01-22,Spain,47,Male,Smart TV,1 Month,30,818,960,1
190,Basic,11,2022-09-18,2022-10-19,Italy,37,Female,Tablet,1 Month,30,913,944,1
191,Premium,10,2022-07-08,2024-05-09,United States,46,Male,Laptop,1 Month,30,345,1016,1
192,Basic,14,2022-06-26,2023-03-02,Canada,50,Female,Smartphone,1 Month,30,779,1028,1
193,Standard,11,2022-08-05,2024-03-22,United Kingdom,50,Male,Laptop,1 Month,30,393,988,1
194,Standard,14,2022-08-19,2023-04-30,Australia,37,Male,Laptop,1 Month,30,720,974,1
195,Basic,11,2022-08-26,2023-10-14,Germany,50,Female,Smartphone,1 Month,30,553,967,1
196,Premium,13,2022-06-09,2023-08-15,France,45,Female,Smart TV,1 Month,30,613,1045,1
197,Basic,14,2022-09-27,2024-07-25,Brazil,45,Male,Tablet,1 Month,30,268,935,1
198,Standard,10,2022-10-18,2023-03-26,Mexico,49,Female,Laptop,1 Month,30,755,914,1
199,Premium,14,2022-10-31,2023-01-21,Spain,39,Female,Tablet,1 Month,30,819,901,1
200,Basic,11,2022-10-13,2024-01-01,Italy,45,Female,Tablet,1 Month,30,474,919,1
201,Premium,11,2022-07-04,2023-04-06,United States,49,Female,Smart TV,1 Month,30,744,1020,1
202,Basic,12,2022-06-26,2023-10-07,Canada,31,Female,Tablet,1 Month,30,560,1028,1
203,Standard,13,2022-07-31,2023-03-20,United Kingdom,42,Female,Smart TV,1 Month,30,761,993,1
204,Standard,12,2022-07-27,2023-02-25,Australia,37,Male,Smartphone,1 Month,30,784,997,1
205,Basic,12,2022-07-30,2022-12-29,Germany,30,Male,Smart TV,1 Month,30,842,994,1
206,Premium,11,2022-08-06,2023-10-10,France,40,Male,Smartphone,1 Month,30,557,987,1
207,Basic,15,2022-09-16,2023-08-05,Brazil,45,Female,Smartphone,1 Month,30,623,946,1
208,Standard,15,2023-01-05,2023-11-10,Mexico,36,Female,Tablet,1 Month,30,526,835,1
209,Premium,11,2022-12-10,2024-09-09,Spain,41,Male,Laptop,1 Month,30,222,861,1
210,Basic,14,2022-11-22,2023-07-07,Italy,49,Female,Laptop,1 Month,30,652,879,1
211,Premium,15,2022-11-15,2024-05-08,United States,40,Male,Tablet,1 Month,30,346,886,1
212,Basic,11,2022-10-28,2023-04-19,Canada,36,Male,Smart TV,1 Month,30,731,904,1
213,Standard,12,2022-09-08,2024-06-07,United Kingdom,49,Female,Smart TV,1 Month,30,316,954,1
214,Standard,13,2022-06-30,2023-02-15,Australia,43,Female,Laptop,1 Month,30,794,1024,1
215,Basic,13,2022-09-02,2023-02-02,Germany,50,Female,Smartphone,1 Month,30,807,960,1
216,Premium,14,2022-10-08,2023-05-12,France,51,Female,Smart TV,1 Month,30,708,924,1
217,Basic,15,2022-11-13,2023-11-03,Brazil,44,Male,Smart TV,1 Month,30,533,888,1
218,Standard,12,2022-11-15,2024-03-22,Mexico,27,Male,Tablet,1 Month,30,393,886,1
219,Premium,12,2022-11-16,2023-11-29,Spain,46,Female,Smartphone,1 Month,30,507,885,1
220,Basic,12,2022-11-26,2024-10-15,Italy,29,Male,Tablet,1 Month,30,186,875,1
221,Basic,12,2022-11-26,2024-02-01,United States,47,Male,Smartphone,1 Month,30,443,875,1
222,Basic,10,2022-12-12,2023-12-22,Canada,48,Female,Smartphone,1 Month,30,484,859,1
223,Standard,12,2023-01-08,2024-07-01,United Kingdom,34,Female,Smartphone,1 Month,30,292,832,1
224,Premium,15,2022-11-27,2023-05-22,Australia,40,Female,Smartphone,1 Month,30,698,874,1
225,Basic,14,2022-10-11,2023-04-06,Germany,48,Female,Smartphone,1 Month,30,744,921,1
226,Basic,10,2022-09-27,2024-02-27,France,35,Male,Smartphone,1 Month,30,417,935,1
227,Premium,12,2022-09-30,2024-07-30,Brazil,51,Female,Smartphone,1 Month,30,263,932,1
228,Standard,10,2022-11-04,2024-06-06,Mexico,39,Male,Smart TV,1 Month,30,317,897,1
229,Standard,13,2022-11-04,2023-11-06,Spain,29,Male,Smartphone,1 Month,30,530,897,1
230,Basic,12,2022-10-30,2024-08-30,Italy,51,Male,Laptop,1 Month,30,232,902,1
231,Premium,11,2022-10-29,2024-03-14,United States,43,Male,Smartphone,1 Month,30,401,903,1
232,Standard,11,2022-08-30,2023-02-26,Canada,28,Male,Smartphone,1 Month,30,783,963,1
233,Basic,15,2022-07-07,2023-09-24,United Kingdom,50,Female,Smart TV,1 Month,30,573,1017,1
234,Standard,14,2022-05-26,2023-04-18,Australia,44,Female,Laptop,1 Month,30,732,1059,1
235,Premium,11,2022-05-17,2024-02-16,Germany,50,Male,Laptop,1 Month,30,428,1068,1
236,Basic,11,2022-05-08,2023-02-24,France,39,Female,Smartphone,1 Month,30,785,1077,1
237,Premium,13,2022-07-07,2022-12-27,Brazil,46,Female,Tablet,1 Month,30,844,1017,1
238,Standard,15,2022-07-17,2023-07-27,Mexico,48,Male,Smartphone,1 Month,30,632,1007,1
239,Basic,15,2022-12-23,2024-10-06,Spain,38,Male,Smart TV,1 Month,30,195,848,1
240,Standard,13,2022-06-27,2024-02-18,Italy,38,Male,Smartphone,1 Month,30,426,1027,1
241,Premium,13,2022-05-31,2022-07-01,United States,47,Male,Laptop,1 Month,30,1023,1054,1
242,Basic,12,2022-06-02,2023-05-01,Canada,37,Male,Laptop,1 Month,30,719,1052,1
243,Standard,11,2022-05-25,2023-03-04,United Kingdom,33,Male,Laptop,1 Month,30,777,1060,1
244,Premium,15,2022-04-26,2024-03-07,Australia,28,Male,Smartphone,1 Month,30,408,1089,1
245,Basic,13,2022-04-20,2023-08-15,Germany,47,Male,Smart TV,1 Month,30,613,1095,1
246,Premium,11,2022-05-03,2022-07-08,France,38,Female,Smartphone,1 Month,30,1016,1082,1
247,Basic,12,2022-07-07,2023-01-12,Brazil,27,Male,Smart TV,1 Month,30,828,1017,1
248,Standard,13,2022-09-15,2022-10-23,Mexico,34,Male,Smartphone,1 Month,30,909,947,1
249,Standard,14,2022-09-16,2023-06-05,Spain,42,Female,Smartphone,1 Month,30,684,946,1
250,Basic,14,2022-08-09,2022-12-15,Italy,28,Male,Laptop,1 Month,30,856,984,1
251,Premium,15,2022-06-25,2024-05-13,United States,30,Male,Laptop,1 Month,30,341,1029,1
252,Basic,11,2022-05-30,2023-01-22,Canada,38,Female,Smartphone,1 Month,30,818,1055,1
253,Standard,15,2022-05-21,2022-10-28,United Kingdom,45,Female,Tablet,1 Month,30,904,1064,1
254,Premium,12,2022-05-20,2023-07-27,Australia,48,Female,Smart TV,1 Month,30,632,1065,1
255,Basic,13,2022-05-20,2022-11-17,Germany,46,Female,Smart TV,1 Month,30,884,1065,1
256,Premium,12,2022-05-30,2022-08-21,France,34,Male,Tablet,1 Month,30,972,1055,1
257,Basic,13,2022-06-17,2022-11-13,Brazil,46,Male,Laptop,1 Month,30,888,1037,1
258,Standard,11,2022-07-16,2024-05-03,Mexico,41,Female,Smartphone,1 Month,30,351,1008,1
259,Standard,15,2022-08-05,2024-04-12,Spain,28,Male,Smartphone,1 Month,30,372,988,1
260,Basic,10,2022-07-17,2024-05-01,Italy,27,Female,Smartphone,1 Month,30,353,1007,1
261,Premium,13,2022-07-04,2023-09-26,United States,27,Female,Smart TV,1 Month,30,571,1020,1
262,Basic,12,2022-07-13,2023-10-07,Canada,28,Female,Tablet,1 Month,30,560,1011,1
263,Standard,15,2022-07-25,2022-12-05,United Kingdom,46,Male,Smartphone,1 Month,30,866,999,1
264,Premium,10,2022-08-09,2023-05-19,Australia,51,Male,Smartphone,1 Month,30,701,984,1
265,Basic,11,2022-08-05,2023-04-18,Germany,32,Female,Smart TV,1 Month,30,732,988,1
266,Premium,10,2022-08-17,2023-01-05,France,44,Male,Tablet,1 Month,30,835,976,1
267,Basic,11,2022-09-08,2024-02-29,Brazil,44,Female,Laptop,1 Month,30,415,954,1
268,Standard,13,2022-10-16,2024-03-01,Mexico,34,Female,Smart TV,1 Month,30,414,916,1
269,Standard,13,2022-10-15,2023-02-20,Spain,29,Female,Laptop,1 Month,30,789,917,1
270,Basic,12,2022-09-04,2023-03-05,Italy,47,Male,Smart TV,1 Month,30,776,958,1
271,Premium,14,2022-08-20,2023-08-22,United States,41,Male,Laptop,1 Month,30,606,973,1
272,Basic,10,2022-08-10,2023-02-18,Canada,36,Female,Smartphone,1 Month,30,791,983,1
273,Standard,12,2022-08-02,2023-02-08,United Kingdom,28,Female,Laptop,1 Month,30,801,991,1
274,Premium,10,2022-08-01,2024-04-01,Australia,27,Female,Tablet,1 Month,30,383,992,1
275,Basic,15,2022-08-06,2023-10-07,Germany,34,Female,Laptop,1 Month,30,560,987,1
276,Premium,14,2022-08-09,2023-06-11,France,34,Female,Smart TV,1 Month,30,678,984,1
277,Basic,13,2022-09-12,2024-02-27,Brazil,37,Female,Tablet,1 Month,30,417,950,1
278,Standard,14,2022-09-27,2023-11-22,Mexico,34,Female,Laptop,1 Month,30,514,935,1
279,Standard,15,2022-11-12,2023-04-25,Spain,50,Female,Laptop,1 Month,30,725,889,1
280,Basic,12,2022-11-13,2023-06-25,Italy,34,Female,Laptop,1 Month,30,664,888,1
281,Premium,12,2022-11-02,2024-01-06,United States,33,Female,Smart TV,1 Month,30,469,899,1
282,Basic,11,2022-10-30,2024-08-29,Canada,33,Male,Smart TV,1 Month,30,233,902,1
283,Standard,15,2022-06-30,2022-08-31,United Kingdom,46,Male,Smartphone,1 Month,30,962,1024,1
284,Premium,14,2022-08-04,2023-12-06,Australia,39,Female,Smartphone,1 Month,30,500,989,1
285,Basic,10,2022-09-01,2024-01-13,Germany,42,Female,Laptop,1 Month,30,462,961,1
286,Premium,14,2022-10-14,2023-11-22,France,50,Female,Laptop,1 Month,30,514,918,1
287,Basic,10,2022-10-16,2022-12-06,Brazil,43,Male,Smartphone,1 Month,30,865,916,1
288,Standard,14,2022-10-20,2024-09-18,Mexico,51,Male,Smart TV,1 Month,30,213,912,1
289,Standard,15,2022-11-20,2023-01-26,Spain,34,Female,Smart TV,1 Month,30,814,881,1
290,Basic,12,2022-11-25,2023-08-11,Italy,48,Male,Smartphone,1 Month,30,617,876,1
291,Premium,13,2022-12-04,2024-01-02,United States,29,Female,Tablet,1 Month,30,473,867,1
292,Basic,11,2022-12-12,2024-07-26,Canada,43,Female,Laptop,1 Month,30,267,859,1
293,Standard,14,2022-12-09,2024-03-20,United Kingdom,39,Female,Laptop,1 Month,30,395,862,1
294,Premium,10,2022-10-15,2023-08-23,Australia,50,Male,Laptop,1 Month,30,605,917,1
295,Basic,14,2022-10-03,2022-11-28,Germany,45,Male,Laptop,1 Month,30,873,929,1
296,Basic,12,2022-10-01,2023-06-13,France,48,Female,Tablet,1 Month,30,676,931,1
297,Basic,13,2022-11-02,2023-09-04,Brazil,40,Male,Smartphone,1 Month,30,593,899,1
298,Standard,14,2022-11-03,2024-08-02,Mexico,41,Male,Tablet,1 Month,30,260,898,1
299,Premium,10,2022-10-30,2023-09-08,Spain,27,Male,Smartphone,1 Month,30,589,902,1
300,Basic,11,2022-10-30,2024-03-23,Italy,36,Male,Laptop,1 Month,30,392,902,1
301,Basic,10,2022-09-27,2024-01-22,United States,36,Female,Laptop,1 Month,30,453,935,1
302,Premium,11,2022-09-14,2024-08-02,Canada,44,Male,Tablet,1 Month,30,260,948,1
303,Standard,12,2022-06-11,2023-12-08,United Kingdom,45,Male,Tablet,1 Month,30,498,1043,1
304,Standard,12,2022-06-11,2024-01-08,Australia,33,Female,Smartphone,1 Month,30,467,1043,1
305,Basic,13,2022-05-24,2022-12-31,Germany,47,Male,Smart TV,1 Month,30,840,1061,1
306,Premium,13,2022-07-06,2022-09-22,France,45,Male,Tablet,1 Month,30,940,1018,1
307,Standard,11,2022-07-08,2023-12-31,Brazil,29,Female,Smart TV,1 Month,30,475,1016,1
308,Basic,13,2022-10-27,2022-12-12,Mexico,31,Male,Smart TV,1 Month,30,859,905,1
309,Standard,11,2022-08-09,2023-02-26,Spain,31,Male,Smartphone,1 Month,30,783,984,1
310,Premium,15,2022-06-14,2023-02-18,Italy,49,Female,Smartphone,1 Month,30,791,1040,1
311,Basic,15,2022-06-07,2022-12-11,United States,29,Female,Smartphone,1 Month,30,860,1047,1
312,Premium,12,2022-05-27,2023-10-15,Canada,50,Male,Laptop,1 Month,30,552,1058,1
313,Standard,13,2022-05-27,2022-08-10,United Kingdom,36,Female,Laptop,1 Month,30,983,1058,1
314,Basic,10,2022-04-21,2023-05-28,Australia,28,Male,Laptop,1 Month,30,692,1094,1
315,Standard,15,2022-04-28,2023-10-27,Germany,47,Female,Smart TV,1 Month,30,540,1087,1
316,Premium,12,2022-05-27,2022-10-02,France,50,Female,Laptop,1 Month,30,930,1058,1
317,Basic,15,2022-08-25,2022-10-30,Brazil,44,Female,Tablet,1 Month,30,902,968,1
318,Standard,10,2022-09-02,2023-07-08,Mexico,39,Female,Laptop,1 Month,30,651,960,1
319,Premium,14,2022-08-22,2023-09-04,Spain,32,Female,Smartphone,1 Month,30,593,971,1
320,Basic,15,2022-08-02,2024-01-10,Italy,30,Female,Laptop,1 Month,30,465,991,1
321,Premium,12,2022-06-22,2023-05-19,United States,33,Female,Smartphone,1 Month,30,701,1032,1
322,Basic,15,2022-06-04,2022-12-31,Canada,44,Male,Smartphone,1 Month,30,840,1050,1
323,Standard,14,2022-05-31,2024-02-26,United Kingdom,40,Male,Smartphone,1 Month,30,418,1054,1
324,Standard,15,2022-05-22,2022-09-27,Australia,32,Male,Tablet,1 Month,30,935,1063,1
325,Basic,13,2022-05-29,2022-10-21,Germany,32,Male,Tablet,1 Month,30,911,1056,1
326,Premium,11,2022-06-11,2023-01-17,France,30,Male,Smartphone,1 Month,30,823,1043,1
327,Basic,12,2022-07-06,2023-04-14,Brazil,32,Female,Smartphone,1 Month,30,736,1018,1
328,Standard,12,2022-07-26,2023-02-01,Mexico,45,Female,Tablet,1 Month,30,808,998,1
329,Premium,11,2022-07-22,2023-05-03,Spain,35,Female,Smart TV,1 Month,30,717,1002,1
330,Basic,10,2022-07-06,2023-06-23,Italy,40,Female,Smart TV,1 Month,30,666,1018,1
331,Premium,14,2022-07-08,2022-12-12,United States,29,Female,Tablet,1 Month,30,859,1016,1
332,Basic,14,2022-07-22,2022-09-07,Canada,31,Male,Tablet,1 Month,30,955,1002,1
333,Standard,15,2022-07-24,2024-03-10,United Kingdom,43,Female,Smart TV,1 Month,30,405,1000,1
334,Standard,11,2022-07-28,2024-03-18,Australia,34,Male,Smart TV,1 Month,30,397,996,1
335,Basic,10,2022-08-11,2023-07-29,Germany,47,Female,Tablet,1 Month,30,630,982,1
336,Premium,12,2022-09-02,2024-06-18,France,35,Male,Laptop,1 Month,30,305,960,1
337,Basic,13,2022-10-11,2023-08-24,Brazil,36,Male,Laptop,1 Month,30,604,921,1
338,Standard,12,2022-10-15,2024-09-06,Mexico,33,Male,Tablet,1 Month,30,225,917,1
339,Premium,13,2022-10-05,2024-08-03,Spain,30,Female,Laptop,1 Month,30,259,927,1
340,Basic,14,2022-09-13,2023-03-16,Italy,44,Female,Smartphone,1 Month,30,765,949,1
341,Premium,13,2022-08-24,2024-01-25,United States,44,Female,Laptop,1 Month,30,450,969,1
342,Basic,11,2022-08-09,2023-09-28,Canada,41,Female,Laptop,1 Month,30,569,984,1
343,Standard,13,2022-08-06,2022-12-17,United Kingdom,46,Male,Smart TV,1 Month,30,854,987,1
344,Standard,13,2022-08-07,2023-10-03,Australia,42,Female,Smartphone,1 Month,30,564,986,1
345,Basic,10,2022-08-08,2023-05-10,Germany,48,Female,Smart TV,1 Month,30,710,985,1
346,Premium,15,2022-08-31,2023-03-24,France,37,Male,Tablet,1 Month,30,757,962,1
347,Basic,14,2022-09-21,2022-11-28,Brazil,29,Male,Smartphone,1 Month,30,873,941,1
348,Standard,14,2022-10-05,2024-02-23,Mexico,30,Male,Smart TV,1 Month,30,421,927,1
349,Premium,14,2022-11-02,2024-05-22,Spain,28,Male,Smartphone,1 Month,30,332,899,1
350,Basic,10,2022-11-02,2024-01-13,Italy,44,Female,Smartphone,1 Month,30,462,899,1
351,Premium,11,2022-11-02,2024-05-09,United States,34,Female,Smart TV,1 Month,30,345,899,1
352,Basic,10,2022-09-20,2024-03-08,Canada,38,Male,Laptop,1 Month,30,407,942,1
353,Standard,14,2022-08-10,2022-10-14,United Kingdom,34,Female,Smartphone,1 Month,30,918,983,1
354,Standard,10,2022-08-16,2022-10-04,Australia,40,Female,Laptop,1 Month,30,928,977,1
355,Basic,15,2022-10-12,2023-09-27,Germany,32,Female,Tablet,1 Month,30,570,920,1
356,Premium,11,2022-10-14,2024-04-07,France,38,Male,Smart TV,1 Month,30,377,918,1
357,Basic,15,2022-10-18,2023-12-21,Brazil,39,Male,Smartphone,1 Month,30,485,914,1
358,Standard,12,2022-11-11,2024-09-24,Mexico,34,Female,Smart TV,1 Month,30,207,890,1
359,Premium,11,2022-11-20,2024-04-03,Spain,41,Male,Smartphone,1 Month,30,381,881,1
360,Basic,15,2022-11-21,2023-05-12,Italy,43,Female,Tablet,1 Month,30,708,880,1
361,Premium,12,2022-11-25,2023-03-26,United States,36,Female,Laptop,1 Month,30,755,876,1
362,Basic,11,2022-12-08,2023-12-26,Canada,31,Male,Laptop,1 Month,30,480,863,1
363,Standard,12,2022-11-01,2023-01-20,United Kingdom,47,Female,Smart TV,1 Month,30,820,900,1
364,Standard,14,2022-10-12,2024-09-05,Australia,48,Male,Smart TV,1 Month,30,226,920,1
365,Basic,11,2022-10-13,2024-06-08,Germany,36,Male,Laptop,1 Month,30,315,919,1
366,Premium,12,2022-10-17,2023-05-24,France,41,Male,Smart TV,1 Month,30,696,915,1
367,Basic,13,2022-10-23,2023-03-26,Brazil,32,Male,Laptop,1 Month,30,755,909,1
368,Standard,13,2022-10-24,2023-04-21,Mexico,28,Male,Smartphone,1 Month,30,729,908,1
369,Premium,12,2022-10-25,2023-10-03,Spain,46,Female,Smartphone,1 Month,30,564,907,1
370,Basic,11,2022-10-22,2024-06-12,Italy,46,Female,Smartphone,1 Month,30,311,910,1
371,Basic,11,2022-09-30,2023-10-06,United States,47,Male,Tablet,1 Month,30,561,932,1
372,Basic,11,2022-09-06,2023-08-06,Canada,31,Female,Tablet,1 Month,30,622,956,1
373,Standard,10,2022-06-18,2022-09-09,United Kingdom,44,Female,Tablet,1 Month,30,953,1036,1
374,Premium,10,2022-06-12,2023-09-28,Australia,39,Female,Laptop,1 Month,30,569,1042,1
375,Basic,14,2022-06-17,2024-03-20,Germany,44,Female,Laptop,1 Month,30,395,1037,1
376,Basic,12,2022-06-20,2023-04-09,France,39,Female,Smartphone,1 Month,30,741,1034,1
377,Premium,12,2022-08-27,2022-11-17,Brazil,37,Male,Laptop,1 Month,30,884,966,1
378,Standard,14,2022-08-13,2024-04-05,Mexico,47,Female,Laptop,1 Month,30,379,980,1
379,Standard,10,2022-08-12,2024-05-22,Spain,46,Female,Smart TV,1 Month,30,332,981,1
380,Basic,15,2022-08-05,2022-09-08,Italy,27,Female,Smart TV,1 Month,30,954,988,1
381,Premium,10,2022-07-14,2022-11-23,United States,43,Female,Laptop,1 Month,30,878,1010,1
382,Standard,10,2022-06-07,2023-01-18,Canada,51,Male,Smart TV,1 Month,30,822,1047,1
383,Basic,10,2022-06-01,2023-06-15,United Kingdom,49,Male,Smart TV,1 Month,30,674,1053,1
384,Standard,10,2022-05-19,2022-08-03,Australia,35,Female,Smartphone,1 Month,30,990,1066,1
385,Premium,15,2022-05-22,2024-04-06,Germany,44,Male,Smartphone,1 Month,30,378,1063,1
386,Basic,14,2022-07-11,2023-05-05,France,48,Male,Tablet,1 Month,30,715,1013,1
387,Premium,11,2022-07-19,2023-08-22,Brazil,39,Female,Tablet,1 Month,30,606,1005,1
388,Standard,12,2022-07-21,2024-05-16,Mexico,38,Male,Laptop,1 Month,30,338,1003,1
389,Basic,14,2022-08-02,2022-12-15,Spain,45,Male,Smart TV,1 Month,30,856,991,1
390,Standard,13,2022-07-03,2024-06-01,Italy,43,Female,Laptop,1 Month,30,322,1021,1
391,Premium,13,2022-06-23,2024-05-11,United States,42,Male,Laptop,1 Month,30,343,1031,1
392,Basic,15,2022-06-03,2024-04-19,Canada,28,Male,Smart TV,1 Month,30,365,1051,1
393,Standard,10,2022-06-03,2022-10-30,United Kingdom,40,Male,Tablet,1 Month,30,902,1051,1
394,Premium,14,2022-05-30,2024-02-22,Australia,41,Female,Tablet,1 Month,30,422,1055,1
395,Basic,12,2022-06-05,2022-08-31,Germany,45,Female,Laptop,1 Month,30,962,1049,1
396,Premium,14,2022-06-10,2023-06-20,France,30,Female,Smartphone,1 Month,30,669,1044,1
397,Basic,11,2022-07-14,2023-11-29,Brazil,31,Female,Smartphone,1 Month,30,507,1010,1
398,Standard,13,2022-07-15,2022-12-08,Mexico,51,Female,Tablet,1 Month,30,863,1009,1
399,Standard,12,2022-07-14,2022-12-17,Spain,44,Female,Smartphone,1 Month,30,854,1010,1
400,Basic,14,2022-07-13,2023-09-08,Italy,49,Male,Laptop,1 Month,30,589,1011,1
401,Premium,12,2022-07-17,2024-05-17,United States,47,Female,Laptop,1 Month,30,337,1007,1
402,Basic,14,2022-07-21,2022-10-16,Canada,42,Male,Smartphone,1 Month,30,916,1003,1
403,Standard,13,2022-07-23,2024-05-16,United Kingdom,28,Male,Smartphone,1 Month,30,338,1001,1
404,Premium,13,2022-08-01,2024-01-25,Australia,28,Male,Smartphone,1 Month,30,450,992,1
405,Basic,13,2022-08-06,2022-12-09,Germany,49,Female,Tablet,1 Month,30,862,987,1
406,Premium,12,2022-08-19,2024-06-16,France,32,Female,Smartphone,1 Month,30,307,974,1
407,Basic,12,2022-08-26,2023-01-20,Brazil,37,Female,Tablet,1 Month,30,820,967,1
408,Standard,13,2022-09-27,2024-05-08,Mexico,37,Female,Tablet,1 Month,30,346,935,1
409,Standard,14,2022-09-15,2024-06-06,Spain,37,Male,Smartphone,1 Month,30,317,947,1
410,Basic,15,2022-09-02,2024-02-01,Italy,37,Male,Smart TV,1 Month,30,443,960,1
411,Premium,14,2022-09-03,2023-05-27,United States,48,Female,Tablet,1 Month,30,693,959,1
412,Basic,12,2022-09-03,2023-07-01,Canada,47,Male,Laptop,1 Month,30,658,959,1
413,Standard,13,2022-08-24,2023-03-30,United Kingdom,41,Female,Smartphone,1 Month,30,751,969,1
414,Premium,14,2022-08-21,2023-12-10,Australia,47,Female,Laptop,1 Month,30,496,972,1
415,Basic,13,2022-08-23,2024-04-24,Germany,39,Female,Smartphone,1 Month,30,360,970,1
416,Premium,10,2022-09-02,2023-06-05,France,28,Male,Tablet,1 Month,30,684,960,1
417,Basic,14,2022-09-21,2023-01-04,Brazil,31,Male,Smart TV,1 Month,30,836,941,1
418,Standard,14,2022-10-21,2023-04-22,Mexico,47,Female,Smart TV,1 Month,30,728,911,1
419,Standard,11,2022-10-30,2024-09-14,Spain,27,Female,Laptop,1 Month,30,217,902,1
420,Basic,10,2022-11-02,2024-02-09,Italy,28,Male,Laptop,1 Month,30,435,899,1
421,Premium,14,2022-10-16,2023-02-08,United States,33,Male,Tablet,1 Month,30,801,916,1
422,Basic,14,2022-09-15,2023-07-26,Canada,29,Female,Tablet,1 Month,30,633,947,1
423,Standard,15,2022-09-12,2023-05-19,United Kingdom,41,Male,Smartphone,1 Month,30,701,950,1
424,Premium,12,2022-09-18,2022-12-25,Australia,28,Female,Tablet,1 Month,30,846,944,1
425,Basic,13,2022-10-04,2022-12-19,Germany,38,Male,Tablet,1 Month,30,852,928,1
426,Premium,15,2022-10-05,2023-02-05,France,35,Male,Laptop,1 Month,30,804,927,1
427,Basic,11,2022-11-06,2024-03-02,Brazil,51,Male,Smart TV,1 Month,30,413,895,1
428,Standard,12,2022-11-17,2023-07-08,Mexico,45,Male,Smartphone,1 Month,30,651,884,1
429,Standard,14,2022-11-18,2023-07-23,Spain,51,Male,Laptop,1 Month,30,636,883,1
430,Basic,14,2022-11-22,2024-04-08,Italy,46,Female,Smart TV,1 Month,30,376,879,1
431,Premium,15,2022-12-04,2024-03-09,United States,28,Male,Smart TV,1 Month,30,406,867,1
432,Basic,12,2022-11-19,2023-11-24,Canada,46,Female,Smart TV,1 Month,30,512,882,1
433,Standard,11,2022-11-06,2024-06-08,United Kingdom,46,Female,Smartphone,1 Month,30,315,895,1
434,Premium,12,2022-10-15,2024-07-17,Australia,32,Female,Laptop,1 Month,30,276,917,1
435,Basic,11,2022-10-17,2023-08-31,Germany,39,Female,Smart TV,1 Month,30,597,915,1
436,Premium,11,2022-10-19,2023-07-29,France,41,Female,Smartphone,1 Month,30,630,913,1
437,Basic,13,2022-10-23,2023-11-13,Brazil,47,Male,Smart TV,1 Month,30,523,909,1
438,Standard,12,2022-10-24,2022-12-15,Mexico,35,Male,Smart TV,1 Month,30,856,908,1
439,Standard,12,2022-10-23,2024-04-26,Spain,37,Female,Smart TV,1 Month,30,358,909,1
440,Basic,11,2022-10-10,2023-02-16,Italy,47,Male,Tablet,1 Month,30,793,922,1
441,Premium,13,2022-10-05,2023-05-02,United States,48,Female,Laptop,1 Month,30,718,927,1
442,Basic,12,2022-07-01,2023-03-10,Canada,30,Female,Laptop,1 Month,30,771,1023,1
443,Standard,10,2022-07-01,2024-05-19,United Kingdom,36,Male,Smart TV,1 Month,30,335,1023,1
444,Premium,10,2022-06-25,2023-10-09,Australia,50,Female,Smartphone,1 Month,30,558,1029,1
445,Basic,12,2022-06-24,2024-03-22,Germany,41,Male,Tablet,1 Month,30,393,1030,1
446,Basic,14,2022-06-28,2023-06-17,France,46,Female,Smartphone,1 Month,30,672,1026,1
447,Basic,15,2022-08-11,2024-02-07,Brazil,36,Female,Laptop,1 Month,30,437,982,1
448,Standard,14,2022-08-12,2022-09-26,Mexico,48,Male,Tablet,1 Month,30,936,981,1
449,Premium,10,2022-08-07,2023-08-07,Spain,37,Female,Laptop,1 Month,30,621,986,1
450,Basic,14,2022-08-06,2023-05-20,Italy,49,Male,Laptop,1 Month,30,700,987,1
451,Basic,12,2022-07-18,2023-12-26,United States,31,Female,Laptop,1 Month,30,480,1006,1
452,Premium,12,2022-06-16,2022-12-22,Canada,42,Female,Laptop,1 Month,30,849,1038,1
453,Standard,11,2022-05-30,2023-10-16,United Kingdom,45,Female,Tablet,1 Month,30,551,1055,1
454,Standard,15,2022-05-28,2024-04-20,Australia,51,Female,Tablet,1 Month,30,364,1057,1
455,Basic,11,2022-05-31,2023-07-14,Germany,31,Female,Smart TV,1 Month,30,645,1054,1
456,Premium,14,2022-06-04,2023-12-30,France,41,Male,Tablet,1 Month,30,476,1050,1
457,Standard,14,2022-06-29,2023-09-28,Brazil,40,Male,Smart TV,1 Month,30,569,1025,1
458,Basic,10,2022-07-24,2024-04-26,Mexico,27,Male,Tablet,1 Month,30,358,1000,1
459,Standard,10,2022-07-19,2023-05-12,Spain,46,Female,Tablet,1 Month,30,708,1005,1
460,Premium,10,2022-06-30,2024-02-26,Italy,30,Female,Smart TV,1 Month,30,418,1024,1
461,Basic,11,2022-06-16,2023-09-05,United States,37,Male,Smart TV,1 Month,30,592,1038,1
462,Premium,15,2022-06-10,2022-12-24,Canada,45,Male,Smartphone,1 Month,30,847,1044,1
463,Standard,11,2022-06-01,2022-08-12,United Kingdom,40,Male,Smart TV,1 Month,30,981,1053,1
464,Basic,13,2022-06-03,2024-01-09,Australia,45,Male,Laptop,1 Month,30,466,1051,1
465,Standard,11,2022-06-05,2023-04-15,Germany,34,Male,Laptop,1 Month,30,735,1049,1
466,Premium,10,2022-06-07,2023-08-07,France,33,Male,Laptop,1 Month,30,621,1047,1
467,Basic,10,2022-06-22,2022-08-02,Brazil,47,Female,Laptop,1 Month,30,991,1032,1
468,Standard,11,2022-06-28,2024-03-25,Mexico,32,Male,Smart TV,1 Month,30,390,1026,1
469,Premium,12,2022-06-29,2023-05-26,Spain,41,Female,Tablet,1 Month,30,694,1025,1
470,Basic,15,2022-07-03,2023-04-11,Italy,31,Female,Tablet,1 Month,30,739,1021,1
471,Premium,15,2022-07-08,2023-12-18,United States,43,Male,Tablet,1 Month,30,488,1016,1
472,Basic,10,2022-07-13,2022-09-15,Canada,32,Female,Tablet,1 Month,30,947,1011,1
473,Standard,10,2022-07-27,2022-11-23,United Kingdom,46,Female,Smartphone,1 Month,30,878,997,1
474,Standard,14,2022-07-30,2024-04-24,Australia,38,Male,Smartphone,1 Month,30,360,994,1
475,Basic,11,2022-08-13,2024-05-05,Germany,31,Female,Smart TV,1 Month,30,349,980,1
476,Premium,14,2022-08-18,2023-11-08,France,31,Female,Laptop,1 Month,30,528,975,1
477,Basic,10,2022-08-24,2023-01-15,Brazil,50,Male,Laptop,1 Month,30,825,969,1
478,Standard,10,2022-09-08,2024-06-15,Mexico,32,Male,Laptop,1 Month,30,308,954,1
479,Premium,13,2022-09-04,2023-04-17,Spain,38,Female,Smartphone,1 Month,30,733,958,1
480,Basic,15,2022-09-04,2024-02-16,Italy,37,Female,Laptop,1 Month,30,428,958,1
481,Premium,12,2022-09-04,2024-06-20,United States,36,Male,Smart TV,1 Month,30,303,958,1
482,Basic,11,2022-08-27,2024-01-31,Canada,30,Male,Smart TV,1 Month,30,444,966,1
483,Standard,14,2022-08-25,2022-12-07,United Kingdom,28,Male,Smart TV,1 Month,30,864,968,1
484,Standard,13,2022-08-25,2023-11-10,Australia,40,Male,Smartphone,1 Month,30,526,968,1
485,Basic,14,2022-09-01,2023-10-11,Germany,28,Female,Tablet,1 Month,30,556,961,1
486,Premium,15,2022-09-13,2023-12-06,France,37,Female,Laptop,1 Month,30,500,949,1
487,Basic,15,2022-10-05,2023-08-07,Brazil,30,Male,Smart TV,1 Month,30,621,927,1
488,Standard,11,2022-10-08,2023-12-05,Mexico,33,Female,Smart TV,1 Month,30,501,924,1
489,Premium,11,2022-10-26,2024-02-24,Spain,49,Male,Tablet,1 Month,30,420,906,1
490,Basic,12,2022-10-18,2023-05-27,Italy,36,Female,Smart TV,1 Month,30,693,914,1
491,Premium,12,2022-10-07,2023-02-12,United States,28,Female,Smartphone,1 Month,30,797,925,1
492,Basic,10,2022-09-17,2024-04-16,Canada,51,Male,Tablet,1 Month,30,368,945,1
493,Standard,11,2022-09-18,2023-01-21,United Kingdom,35,Female,Smartphone,1 Month,30,819,944,1
494,Standard,14,2022-09-27,2024-08-20,Australia,31,Male,Smart TV,1 Month,30,242,935,1
495,Basic,13,2022-09-30,2024-08-22,Germany,39,Male,Smartphone,1 Month,30,240,932,1
496,Premium,10,2022-10-30,2023-06-06,France,51,Female,Laptop,1 Month,30,683,902,1
497,Basic,11,2022-11-09,2023-01-14,Brazil,44,Male,Smartphone,1 Month,30,826,892,1
498,Standard,11,2022-11-17,2023-12-20,Mexico,41,Female,Smartphone,1 Month,30,486,884,1
499,Premium,10,2022-11-18,2024-05-25,Spain,28,Female,Laptop,1 Month,30,329,883,1
500,Basic,15,2022-11-22,2023-09-26,Italy,38,Male,Laptop,1 Month,30,571,879,1
501,Premium,14,2022-11-22,2023-07-26,Spain,43,Male,Smartphone,1 Month,30,633,879,1
502,Basic,13,2022-11-21,2023-09-19,Spain,38,Male,Smartphone,1 Month,30,578,880,1
503,Standard,14,2022-11-10,2023-02-09,United States,30,Male,Tablet,1 Month,30,800,891,1
504,Standard,12,2022-10-21,2024-07-07,Canada,32,Female,Laptop,1 Month,30,286,911,1
505,Basic,11,2022-10-21,2023-10-27,United States,35,Male,Smartphone,1 Month,30,540,911,1
506,Premium,14,2022-10-23,2023-12-23,United States,27,Male,Smart TV,1 Month,30,483,909,1
507,Basic,15,2022-10-24,2022-12-11,Canada,49,Female,Tablet,1 Month,30,860,908,1
508,Standard,12,2022-10-23,2023-05-17,United Kingdom,42,Female,Tablet,1 Month,30,703,909,1
509,Premium,10,2022-10-21,2024-07-23,Australia,40,Male,Smartphone,1 Month,30,270,911,1
510,Basic,15,2022-10-06,2023-12-05,Germany,43,Female,Tablet,1 Month,30,501,926,1
511,Premium,11,2022-07-26,2023-11-12,France,44,Female,Smart TV,1 Month,30,524,998,1
512,Basic,15,2022-07-13,2023-04-01,Brazil,32,Male,Tablet,1 Month,30,749,1011,1
513,Standard,10,2022-07-06,2022-10-19,Mexico,50,Male,Tablet,1 Month,30,913,1018,1
514,Standard,14,2022-07-07,2023-04-27,Spain,35,Male,Tablet,1 Month,30,723,1017,1
515,Basic,15,2022-07-01,2023-10-28,Italy,44,Female,Laptop,1 Month,30,539,1023,1
516,Premium,14,2022-07-31,2023-09-17,Spain,42,Female,Smart TV,1 Month,30,580,993,1
517,Basic,12,2022-08-06,2024-03-21,Spain,34,Female,Smart TV,1 Month,30,394,987,1
518,Standard,15,2022-08-07,2024-01-24,United States,37,Female,Tablet,1 Month,30,451,986,1
519,Premium,10,2022-08-06,2023-09-06,Canada,43,Male,Smartphone,1 Month,30,591,987,1
520,Basic,13,2022-08-03,2023-01-23,United States,32,Male,Smart TV,1 Month,30,817,990,1
521,Basic,15,2022-06-18,2022-09-24,United States,33,Female,Smart TV,1 Month,30,938,1036,1
522,Basic,14,2022-06-17,2022-10-23,Canada,32,Female,Tablet,1 Month,30,909,1037,1
523,Standard,13,2022-06-07,2023-08-06,United Kingdom,41,Male,Smartphone,1 Month,30,622,1047,1
524,Premium,15,2022-06-06,2022-07-30,Australia,31,Male,Tablet,1 Month,30,994,1048,1
525,Basic,14,2022-06-04,2023-10-15,Germany,44,Male,Tablet,1 Month,30,552,1050,1
526,Basic,11,2022-06-20,2023-11-15,France,49,Male,Laptop,1 Month,30,521,1034,1
527,Premium,10,2022-07-10,2024-02-24,Brazil,48,Female,Tablet,1 Month,30,420,1014,1
528,Standard,13,2022-07-13,2023-01-09,Mexico,42,Female,Smartphone,1 Month,30,831,1011,1
529,Standard,11,2022-07-07,2022-12-27,Spain,50,Female,Laptop,1 Month,30,844,1017,1
530,Basic,14,2022-06-22,2024-02-10,Italy,49,Female,Smart TV,1 Month,30,434,1032,1
531,Premium,14,2022-06-15,2022-08-22,Spain,30,Female,Laptop,1 Month,30,971,1039,1
532,Standard,11,2022-06-03,2022-10-19,Spain,38,Male,Laptop,1 Month,30,913,1051,1
533,Basic,14,2022-06-04,2022-08-14,United States,38,Male,Smartphone,1 Month,30,979,1050,1
534,Standard,11,2022-06-05,2023-01-06,Canada,39,Female,Smart TV,1 Month,30,834,1049,1
535,Premium,15,2022-06-07,2023-08-08,United States,42,Female,Laptop,1 Month,30,620,1047,1
536,Basic,10,2022-06-14,2023-02-21,United States,28,Male,Smart TV,1 Month,30,788,1040,1
537,Premium,10,2022-06-17,2024-04-10,Canada,38,Male,Smartphone,1 Month,30,374,1037,1
538,Standard,14,2022-06-19,2022-11-28,United Kingdom,40,Female,Tablet,1 Month,30,873,1035,1
539,Basic,12,2022-07-02,2023-01-10,Australia,30,Female,Tablet,1 Month,30,830,1022,1
540,Standard,10,2022-07-03,2023-03-04,Germany,40,Male,Smartphone,1 Month,30,777,1021,1
541,Premium,10,2022-07-13,2023-04-03,France,31,Male,Smart TV,1 Month,30,747,1011,1
542,Basic,14,2022-07-26,2024-06-12,Brazil,41,Male,Smartphone,1 Month,30,311,998,1
543,Standard,11,2022-07-27,2024-04-04,Mexico,37,Male,Smartphone,1 Month,30,380,997,1
544,Premium,14,2022-08-08,2022-09-15,Spain,49,Male,Tablet,1 Month,30,947,985,1
545,Basic,14,2022-08-17,2022-11-28,Italy,29,Male,Smart TV,1 Month,30,873,976,1
546,Premium,10,2022-08-20,2024-01-23,Spain,31,Male,Smart TV,1 Month,30,452,973,1
547,Basic,10,2022-09-05,2023-06-14,Spain,39,Male,Tablet,1 Month,30,675,957,1
548,Standard,12,2022-09-05,2023-05-22,United States,51,Female,Smartphone,1 Month,30,698,957,1
549,Standard,10,2022-09-05,2024-03-06,Canada,38,Female,Smartphone,1 Month,30,409,957,1
550,Basic,11,2022-09-06,2023-03-28,United States,29,Female,Tablet,1 Month,30,753,956,1
551,Premium,13,2022-09-03,2024-07-16,United States,41,Female,Laptop,1 Month,30,277,959,1
552,Basic,13,2022-08-29,2023-03-14,Canada,48,Female,Tablet,1 Month,30,767,964,1
553,Standard,14,2022-08-27,2023-03-14,United Kingdom,39,Male,Smart TV,1 Month,30,767,966,1
554,Premium,12,2022-08-29,2023-10-25,Australia,37,Male,Smartphone,1 Month,30,542,964,1
555,Basic,11,2022-09-13,2024-07-07,Germany,37,Female,Smartphone,1 Month,30,286,949,1
556,Premium,14,2022-09-24,2023-05-05,France,34,Male,Smartphone,1 Month,30,715,938,1
557,Basic,15,2022-10-05,2024-04-03,Brazil,37,Male,Smartphone,1 Month,30,381,927,1
558,Standard,14,2022-10-18,2022-12-15,Mexico,37,Female,Smart TV,1 Month,30,856,914,1
559,Standard,13,2022-10-19,2023-05-01,Spain,51,Female,Tablet,1 Month,30,719,913,1
560,Basic,15,2022-10-14,2024-01-08,Italy,45,Male,Laptop,1 Month,30,467,918,1
561,Premium,14,2022-09-30,2023-10-03,Spain,29,Female,Laptop,1 Month,30,564,932,1
562,Basic,14,2022-09-19,2024-07-27,Spain,37,Male,Laptop,1 Month,30,266,943,1
563,Standard,10,2022-09-24,2024-03-02,United States,34,Male,Tablet,1 Month,30,413,938,1
564,Premium,14,2022-09-28,2023-10-27,Canada,35,Male,Smartphone,1 Month,30,540,934,1
565,Basic,12,2022-09-29,2023-10-05,United States,29,Male,Laptop,1 Month,30,562,933,1
566,Premium,11,2022-10-11,2024-03-23,United States,45,Male,Tablet,1 Month,30,392,921,1
567,Basic,14,2022-11-08,2024-09-24,Canada,36,Male,Smart TV,1 Month,30,207,893,1
568,Standard,11,2022-11-16,2024-05-09,United Kingdom,27,Female,Laptop,1 Month,30,345,885,1
569,Standard,10,2022-11-17,2023-11-08,Australia,31,Female,Laptop,1 Month,30,528,884,1
570,Basic,10,2022-11-20,2023-07-24,Germany,41,Female,Laptop,1 Month,30,635,881,1
571,Premium,13,2022-11-21,2023-10-17,France,37,Male,Smart TV,1 Month,30,550,880,1
572,Basic,12,2022-11-21,2023-05-01,Brazil,49,Female,Tablet,1 Month,30,719,880,1
573,Standard,12,2022-11-18,2023-02-25,Mexico,37,Female,Smart TV,1 Month,30,784,883,1
574,Premium,14,2022-10-26,2023-08-03,Spain,36,Female,Smartphone,1 Month,30,625,906,1
575,Basic,13,2022-10-25,2024-01-12,Italy,38,Female,Smart TV,1 Month,30,463,907,1
576,Premium,15,2022-10-26,2024-02-12,Spain,49,Female,Tablet,1 Month,30,432,906,1
577,Basic,15,2022-10-23,2023-05-22,Spain,31,Male,Laptop,1 Month,30,698,909,1
578,Standard,13,2022-10-23,2023-05-07,United States,29,Female,Laptop,1 Month,30,713,909,1
579,Standard,12,2022-10-16,2023-02-13,Canada,35,Female,Tablet,1 Month,30,796,916,1
580,Basic,14,2022-08-09,2024-02-20,United States,46,Female,Tablet,1 Month,30,424,984,1
581,Premium,10,2022-08-02,2022-10-09,United States,29,Female,Laptop,1 Month,30,923,991,1
582,Basic,12,2022-07-16,2022-12-18,Canada,43,Female,Laptop,1 Month,30,853,1008,1
583,Standard,15,2022-07-17,2023-11-09,United Kingdom,38,Female,Tablet,1 Month,30,527,1007,1
584,Premium,14,2022-07-14,2023-02-01,Australia,48,Female,Smart TV,1 Month,30,808,1010,1
585,Basic,14,2022-07-16,2024-05-28,Germany,41,Male,Laptop,1 Month,30,326,1008,1
586,Premium,15,2022-08-06,2023-04-12,France,51,Female,Laptop,1 Month,30,738,987,1
587,Basic,14,2022-08-07,2024-06-04,Brazil,39,Male,Smart TV,1 Month,30,319,986,1
588,Standard,11,2022-08-07,2022-11-02,Mexico,31,Male,Smartphone,1 Month,30,899,986,1
589,Standard,15,2022-08-04,2024-06-23,Spain,28,Male,Laptop,1 Month,30,300,989,1
590,Basic,15,2022-07-29,2023-12-16,Italy,47,Male,Laptop,1 Month,30,490,995,1
591,Premium,14,2022-06-19,2023-10-17,Spain,35,Female,Smart TV,1 Month,30,550,1035,1
592,Basic,15,2022-06-09,2023-07-04,Spain,33,Male,Smartphone,1 Month,30,655,1045,1
593,Standard,11,2022-06-06,2022-07-06,United States,41,Male,Smartphone,1 Month,30,1018,1048,1
594,Premium,12,2022-06-06,2023-07-27,Canada,38,Female,Smart TV,1 Month,30,632,1048,1
595,Basic,10,2022-06-11,2023-06-23,United States,49,Male,Laptop,1 Month,30,666,1043,1
596,Basic,14,2022-06-18,2023-01-23,United States,29,Female,Smart TV,1 Month,30,817,1036,1
597,Basic,13,2022-06-27,2023-12-13,Canada,50,Male,Laptop,1 Month,30,493,1027,1
598,Standard,12,2022-07-05,2023-02-10,United Kingdom,29,Female,Tablet,1 Month,30,799,1019,1
599,Premium,15,2022-07-06,2023-12-25,Australia,44,Male,Smart TV,1 Month,30,481,1018,1
600,Basic,14,2022-06-16,2023-07-19,Germany,36,Female,Smart TV,1 Month,30,640,1038,1
601,Basic,14,2022-06-05,2023-08-17,France,46,Female,Smart TV,1 Month,30,611,1049,1
602,Premium,14,2022-06-05,2022-10-29,Brazil,30,Male,Smartphone,1 Month,30,903,1049,1
603,Standard,15,2022-06-06,2022-11-16,Mexico,46,Female,Tablet,1 Month,30,885,1048,1
604,Standard,15,2022-06-07,2022-09-02,Spain,33,Male,Smartphone,1 Month,30,960,1047,1
605,Basic,15,2022-06-10,2024-01-16,Italy,46,Female,Tablet,1 Month,30,459,1044,1
606,Premium,14,2022-06-13,2023-01-01,Spain,50,Male,Tablet,1 Month,30,839,1041,1
607,Standard,14,2022-06-14,2022-12-09,Spain,27,Female,Smart TV,1 Month,30,862,1040,1
608,Basic,12,2022-06-22,2022-10-09,United States,48,Female,Smart TV,1 Month,30,923,1032,1
609,Standard,14,2022-07-03,2023-03-02,Canada,50,Female,Smartphone,1 Month,30,779,1021,1
610,Premium,13,2022-07-05,2023-02-22,United States,28,Female,Tablet,1 Month,30,787,1019,1
611,Basic,15,2022-07-11,2023-03-26,United States,29,Female,Smartphone,1 Month,30,755,1013,1
612,Premium,11,2022-07-17,2023-03-30,Canada,36,Male,Smart TV,1 Month,30,751,1007,1
613,Standard,12,2022-07-27,2024-06-14,United Kingdom,51,Male,Laptop,1 Month,30,309,997,1
614,Basic,15,2022-08-14,2024-02-26,Australia,51,Male,Smartphone,1 Month,30,418,979,1
615,Standard,13,2022-08-15,2023-11-28,Germany,43,Male,Smart TV,1 Month,30,508,978,1
616,Premium,14,2022-09-02,2023-11-07,France,38,Female,Laptop,1 Month,30,529,960,1
617,Basic,11,2022-09-05,2022-11-20,Brazil,45,Female,Smartphone,1 Month,30,881,957,1
618,Standard,10,2022-09-06,2023-05-26,Mexico,28,Female,Smart TV,1 Month,30,694,956,1
619,Premium,11,2022-09-06,2023-08-06,Spain,27,Male,Smartphone,1 Month,30,622,956,1
620,Basic,11,2022-09-05,2024-03-13,Italy,41,Female,Smartphone,1 Month,30,402,957,1
621,Premium,14,2022-09-06,2023-02-25,Spain,49,Male,Smart TV,1 Month,30,784,956,1
622,Basic,12,2022-08-29,2023-11-16,Spain,35,Male,Smartphone,1 Month,30,520,964,1
623,Standard,13,2022-08-30,2024-02-23,United States,29,Female,Smart TV,1 Month,30,421,963,1
624,Standard,10,2022-09-02,2023-10-09,Canada,42,Male,Smartphone,1 Month,30,558,960,1
625,Basic,15,2022-09-20,2024-05-07,United States,33,Male,Tablet,1 Month,30,347,942,1
626,Premium,10,2022-09-23,2023-07-08,United States,30,Male,Laptop,1 Month,30,651,939,1
627,Basic,11,2022-09-29,2024-08-14,Canada,43,Female,Smart TV,1 Month,30,248,933,1
628,Standard,10,2022-10-09,2024-02-21,United Kingdom,42,Male,Smartphone,1 Month,30,423,923,1
629,Premium,11,2022-10-12,2022-11-22,Australia,39,Male,Tablet,1 Month,30,879,920,1
630,Basic,15,2022-10-06,2023-09-30,Germany,32,Female,Smart TV,1 Month,30,567,926,1
631,Premium,14,2022-09-21,2023-10-13,France,31,Male,Smartphone,1 Month,30,554,941,1
632,Basic,13,2022-09-23,2023-12-04,Brazil,39,Male,Smartphone,1 Month,30,502,939,1
633,Standard,12,2022-09-28,2024-08-25,Mexico,41,Female,Smartphone,1 Month,30,237,934,1
634,Standard,12,2022-09-29,2023-11-05,Spain,51,Female,Smart TV,1 Month,30,531,933,1
635,Basic,13,2022-10-03,2022-11-09,Italy,29,Male,Laptop,1 Month,30,892,929,1
636,Premium,10,2022-10-28,2023-03-28,Spain,33,Female,Smart TV,1 Month,30,753,904,1
637,Basic,12,2022-11-14,2023-11-26,Spain,51,Female,Tablet,1 Month,30,510,887,1
638,Standard,11,2022-11-16,2023-03-15,United States,38,Male,Tablet,1 Month,30,766,885,1
639,Premium,10,2022-11-17,2024-09-24,Canada,37,Female,Laptop,1 Month,30,207,884,1
640,Basic,13,2022-11-20,2023-10-31,United States,50,Female,Laptop,1 Month,30,536,881,1
641,Premium,12,2022-11-21,2023-06-16,United States,33,Male,Tablet,1 Month,30,673,880,1
642,Basic,11,2022-11-19,2024-06-10,Canada,27,Male,Laptop,1 Month,30,313,882,1
643,Standard,11,2022-10-28,2023-01-06,United Kingdom,50,Female,Smartphone,1 Month,30,834,904,1
644,Standard,15,2022-10-27,2024-04-10,Australia,47,Female,Laptop,1 Month,30,374,905,1
645,Basic,13,2022-10-27,2023-04-19,Germany,41,Male,Laptop,1 Month,30,731,905,1
646,Premium,10,2022-10-27,2023-06-14,France,49,Female,Laptop,1 Month,30,675,905,1
647,Basic,15,2022-10-25,2024-02-27,Brazil,32,Male,Smart TV,1 Month,30,417,907,1
648,Standard,10,2022-10-17,2024-05-26,Mexico,38,Female,Smartphone,1 Month,30,328,915,1
649,Premium,14,2022-08-20,2024-03-18,Spain,38,Female,Smartphone,1 Month,30,397,973,1
650,Basic,15,2022-08-16,2023-05-25,Italy,28,Female,Smart TV,1 Month,30,695,977,1
651,Premium,13,2022-08-15,2023-10-08,Spain,31,Male,Tablet,1 Month,30,559,978,1
652,Basic,14,2022-08-15,2024-04-29,Spain,39,Female,Smartphone,1 Month,30,355,978,1
653,Standard,11,2022-07-29,2023-05-10,United States,28,Female,Smartphone,1 Month,30,710,995,1
654,Standard,12,2022-07-17,2023-11-08,Canada,30,Female,Smartphone,1 Month,30,528,1007,1
655,Basic,11,2022-07-26,2022-09-03,United States,42,Male,Tablet,1 Month,30,959,998,1
656,Premium,14,2022-07-31,2023-04-28,United States,33,Female,Laptop,1 Month,30,722,993,1
657,Basic,14,2022-08-03,2023-05-10,Canada,34,Female,Smart TV,1 Month,30,710,990,1
658,Standard,13,2022-08-04,2022-09-07,United Kingdom,49,Female,Smart TV,1 Month,30,955,989,1
659,Premium,13,2022-08-03,2022-12-29,Australia,41,Male,Laptop,1 Month,30,842,990,1
660,Basic,12,2022-06-27,2023-08-04,Germany,28,Male,Smart TV,1 Month,30,624,1027,1
661,Premium,14,2022-06-27,2022-09-29,France,49,Female,Laptop,1 Month,30,933,1027,1
662,Basic,15,2022-06-15,2022-12-07,Brazil,49,Male,Tablet,1 Month,30,864,1039,1
663,Standard,11,2022-06-13,2023-02-21,Mexico,36,Male,Tablet,1 Month,30,788,1041,1
664,Standard,11,2022-06-12,2023-03-07,Spain,31,Male,Smart TV,1 Month,30,774,1042,1
665,Basic,10,2022-06-18,2023-01-10,Italy,38,Male,Smartphone,1 Month,30,830,1036,1
666,Premium,15,2022-06-26,2023-05-03,Spain,34,Female,Tablet,1 Month,30,717,1028,1
667,Basic,11,2022-06-30,2022-09-30,Spain,51,Female,Smartphone,1 Month,30,932,1024,1
668,Standard,13,2022-07-03,2023-03-06,United States,49,Male,Smart TV,1 Month,30,775,1021,1
669,Premium,13,2022-06-19,2023-10-22,Canada,27,Female,Tablet,1 Month,30,545,1035,1
670,Basic,10,2022-06-08,2024-03-08,United States,38,Male,Smart TV,1 Month,30,407,1046,1
671,Basic,10,2022-06-08,2022-10-20,United States,51,Male,Tablet,1 Month,30,912,1046,1
672,Basic,14,2022-06-09,2022-10-15,Canada,47,Female,Tablet,1 Month,30,917,1045,1
673,Standard,15,2022-06-09,2023-12-01,United Kingdom,37,Male,Smartphone,1 Month,30,505,1045,1
674,Premium,13,2022-06-10,2023-07-29,Australia,37,Female,Laptop,1 Month,30,630,1044,1
675,Basic,11,2022-06-11,2023-08-19,Germany,39,Female,Tablet,1 Month,30,609,1043,1
676,Basic,11,2022-06-13,2023-12-12,France,31,Male,Smartphone,1 Month,30,494,1041,1
677,Premium,13,2022-06-17,2023-11-04,Brazil,36,Male,Smart TV,1 Month,30,532,1037,1
678,Standard,15,2022-06-27,2024-05-01,Mexico,42,Female,Smart TV,1 Month,30,353,1027,1
679,Standard,11,2022-07-05,2023-10-14,Spain,49,Male,Laptop,1 Month,30,553,1019,1
680,Basic,15,2022-07-07,2022-08-28,Italy,44,Female,Laptop,1 Month,30,965,1017,1
681,Premium,11,2022-07-16,2024-03-01,Spain,33,Male,Laptop,1 Month,30,414,1008,1
682,Standard,11,2022-07-23,2023-11-22,Spain,42,Male,Tablet,1 Month,30,514,1001,1
683,Basic,13,2022-08-03,2022-11-23,United States,39,Male,Smartphone,1 Month,30,878,990,1
684,Standard,10,2022-08-11,2023-02-01,Canada,49,Male,Smartphone,1 Month,30,808,982,1
685,Premium,12,2022-08-15,2022-12-07,United States,31,Male,Smartphone,1 Month,30,864,978,1
686,Basic,14,2022-08-18,2022-12-03,United States,37,Male,Tablet,1 Month,30,868,975,1
687,Premium,13,2022-08-26,2023-12-25,Canada,30,Female,Tablet,1 Month,30,481,967,1
688,Standard,10,2022-09-03,2022-10-03,United Kingdom,42,Male,Smartphone,1 Month,30,929,959,1
689,Basic,15,2022-09-04,2022-11-23,Australia,37,Female,Smart TV,1 Month,30,878,958,1
690,Standard,15,2022-09-05,2023-12-24,Germany,36,Male,Laptop,1 Month,30,482,957,1
691,Premium,11,2022-09-01,2023-12-23,France,28,Female,Laptop,1 Month,30,483,961,1
692,Basic,15,2022-08-31,2024-01-30,Brazil,36,Male,Tablet,1 Month,30,445,962,1
693,Standard,14,2022-09-01,2022-11-03,Mexico,31,Female,Tablet,1 Month,30,898,961,1
694,Premium,14,2022-09-17,2023-09-29,Spain,46,Male,Smart TV,1 Month,30,568,945,1
695,Basic,13,2022-09-21,2023-01-23,Italy,28,Male,Laptop,1 Month,30,817,941,1
696,Premium,15,2022-09-29,2023-01-08,Spain,31,Male,Tablet,1 Month,30,832,933,1
697,Basic,12,2022-10-06,2024-05-08,Spain,43,Male,Smart TV,1 Month,30,346,926,1
698,Standard,10,2022-10-12,2023-04-13,United States,28,Male,Laptop,1 Month,30,737,920,1
699,Standard,13,2022-10-07,2023-07-13,Canada,32,Female,Smartphone,1 Month,30,646,925,1
700,Basic,12,2022-10-04,2024-01-14,United States,31,Female,Laptop,1 Month,30,461,928,1
701,Premium,11,2022-09-24,2023-02-18,United States,45,Male,Smart TV,1 Month,30,791,938,1
702,Basic,14,2022-09-25,2023-08-26,Canada,36,Male,Smartphone,1 Month,30,602,937,1
703,Standard,14,2022-09-27,2023-07-21,United Kingdom,35,Male,Laptop,1 Month,30,638,935,1
704,Premium,13,2022-09-30,2022-12-22,Australia,27,Female,Tablet,1 Month,30,849,932,1
705,Basic,13,2022-10-04,2023-06-26,Germany,32,Male,Laptop,1 Month,30,663,928,1
706,Premium,12,2022-10-24,2023-12-16,France,46,Female,Smartphone,1 Month,30,490,908,1
707,Basic,12,2022-10-28,2024-01-01,Brazil,36,Male,Smart TV,1 Month,30,474,904,1
708,Standard,13,2022-11-02,2024-08-16,Mexico,39,Male,Laptop,1 Month,30,246,899,1
709,Standard,12,2022-11-07,2023-10-05,Spain,48,Female,Smart TV,1 Month,30,562,894,1
710,Basic,10,2022-11-10,2023-07-04,Italy,48,Female,Smart TV,1 Month,30,655,891,1
711,Premium,14,2022-11-15,2023-07-31,Spain,27,Female,Laptop,1 Month,30,628,886,1
712,Basic,13,2022-11-08,2024-07-07,Spain,45,Male,Tablet,1 Month,30,286,893,1
713,Standard,10,2022-11-01,2023-02-13,United States,30,Male,Laptop,1 Month,30,796,900,1
714,Premium,15,2022-10-30,2024-02-06,Canada,29,Male,Tablet,1 Month,30,438,902,1
715,Basic,12,2022-10-28,2023-03-09,United States,43,Female,Laptop,1 Month,30,772,904,1
716,Premium,10,2022-10-26,2024-01-20,United States,43,Male,Laptop,1 Month,30,455,906,1
717,Basic,15,2022-10-18,2023-09-18,Canada,39,Female,Tablet,1 Month,30,579,914,1
718,Standard,14,2022-09-30,2023-02-04,United Kingdom,27,Male,Tablet,1 Month,30,805,932,1
719,Standard,10,2022-09-03,2023-09-02,Australia,33,Female,Tablet,1 Month,30,595,959,1
720,Basic,10,2022-08-23,2023-11-30,Germany,32,Female,Tablet,1 Month,30,506,970,1
721,Premium,10,2022-08-16,2023-12-05,France,37,Female,Tablet,1 Month,30,501,977,1
722,Basic,13,2022-08-11,2023-07-14,Brazil,45,Male,Smartphone,1 Month,30,645,982,1
723,Standard,10,2022-08-01,2023-05-06,Mexico,40,Female,Smartphone,1 Month,30,714,992,1
724,Premium,14,2022-08-01,2023-02-12,Spain,44,Male,Laptop,1 Month,30,797,992,1
725,Basic,12,2022-08-01,2023-12-24,Italy,29,Female,Tablet,1 Month,30,482,992,1
726,Premium,14,2022-08-02,2023-08-01,Spain,50,Male,Laptop,1 Month,30,627,991,1
727,Basic,11,2022-08-04,2024-02-26,Spain,32,Female,Laptop,1 Month,30,418,989,1
728,Standard,14,2022-08-04,2022-12-17,United States,39,Male,Laptop,1 Month,30,854,989,1
729,Standard,15,2022-07-07,2024-02-19,Canada,43,Female,Smartphone,1 Month,30,425,1017,1
730,Basic,12,2022-06-27,2022-10-15,United States,49,Female,Smartphone,1 Month,30,917,1027,1
731,Premium,13,2022-06-19,2022-11-28,United States,30,Male,Tablet,1 Month,30,873,1035,1
732,Basic,12,2022-06-19,2022-12-03,Canada,47,Male,Tablet,1 Month,30,868,1035,1
733,Standard,10,2022-06-18,2023-01-17,United Kingdom,51,Female,Laptop,1 Month,30,823,1036,1
734,Premium,14,2022-06-19,2023-08-23,Australia,40,Male,Tablet,1 Month,30,605,1035,1
735,Basic,14,2022-06-24,2023-06-18,Germany,40,Male,Laptop,1 Month,30,671,1030,1
736,Premium,11,2022-06-30,2023-12-19,France,49,Male,Smartphone,1 Month,30,487,1024,1
737,Basic,15,2022-07-02,2022-10-08,Brazil,43,Female,Tablet,1 Month,30,924,1022,1
738,Standard,14,2022-06-26,2024-01-22,Mexico,44,Female,Smartphone,1 Month,30,453,1028,1
739,Standard,13,2022-06-21,2022-09-11,Spain,27,Male,Smartphone,1 Month,30,951,1033,1
740,Basic,14,2022-06-16,2023-10-08,Italy,30,Male,Tablet,1 Month,30,559,1038,1
741,Premium,14,2022-06-09,2023-01-29,Spain,47,Male,Smart TV,1 Month,30,811,1045,1
742,Basic,13,2022-06-10,2022-11-12,Spain,51,Male,Smartphone,1 Month,30,889,1044,1
743,Standard,15,2022-06-10,2022-08-21,United States,31,Female,Laptop,1 Month,30,972,1044,1
744,Premium,13,2022-06-11,2022-10-29,Canada,34,Female,Tablet,1 Month,30,903,1043,1
745,Basic,11,2022-06-12,2024-05-04,United States,28,Female,Laptop,1 Month,30,350,1042,1
746,Basic,15,2022-06-15,2023-01-13,United States,32,Male,Smartphone,1 Month,30,827,1039,1
747,Basic,11,2022-06-25,2022-10-27,Canada,41,Male,Smart TV,1 Month,30,905,1029,1
748,Standard,13,2022-06-30,2023-08-07,United Kingdom,40,Male,Smart TV,1 Month,30,621,1024,1
749,Premium,12,2022-07-06,2024-01-06,Australia,46,Male,Smart TV,1 Month,30,469,1018,1
750,Basic,13,2022-07-09,2023-08-02,Germany,47,Male,Smart TV,1 Month,30,626,1015,1
751,Basic,14,2022-07-18,2023-05-24,France,45,Female,Laptop,1 Month,30,696,1006,1
752,Premium,10,2022-07-24,2023-03-05,Brazil,28,Female,Smartphone,1 Month,30,776,1000,1
753,Standard,12,2022-07-27,2023-03-08,Mexico,43,Female,Smartphone,1 Month,30,773,997,1
754,Standard,11,2022-08-10,2024-07-06,Spain,41,Male,Laptop,1 Month,30,287,983,1
755,Basic,13,2022-08-16,2022-12-16,Italy,32,Male,Tablet,1 Month,30,855,977,1
756,Premium,14,2022-08-23,2022-11-21,Spain,44,Female,Smartphone,1 Month,30,880,970,1
757,Standard,11,2022-09-03,2024-06-27,Spain,32,Male,Laptop,1 Month,30,296,959,1
758,Basic,12,2022-09-04,2022-11-23,United States,47,Male,Laptop,1 Month,30,878,958,1
759,Standard,14,2022-09-05,2023-11-11,Canada,37,Male,Smart TV,1 Month,30,525,957,1
760,Premium,13,2022-09-04,2022-10-08,United States,40,Female,Smartphone,1 Month,30,924,958,1
761,Basic,11,2022-08-31,2024-01-08,United States,48,Female,Smart TV,1 Month,30,467,962,1
762,Premium,10,2022-09-01,2024-05-26,Canada,48,Male,Laptop,1 Month,30,328,961,1
763,Standard,10,2022-09-15,2024-03-31,United Kingdom,35,Male,Laptop,1 Month,30,384,947,1
764,Basic,15,2022-09-18,2023-11-26,Australia,28,Male,Smart TV,1 Month,30,510,944,1
765,Standard,11,2022-09-28,2024-03-23,Germany,35,Female,Smart TV,1 Month,30,392,934,1
766,Premium,13,2022-09-30,2024-08-04,France,43,Male,Smartphone,1 Month,30,258,932,1
767,Basic,15,2022-10-07,2023-06-26,Brazil,39,Male,Laptop,1 Month,30,663,925,1
768,Standard,10,2022-10-08,2024-04-13,Mexico,38,Female,Laptop,1 Month,30,371,924,1
769,Premium,14,2022-10-08,2023-10-18,Spain,36,Female,Smart TV,1 Month,30,549,924,1
770,Basic,11,2022-10-03,2022-12-17,Italy,42,Female,Laptop,1 Month,30,854,929,1
771,Premium,14,2022-10-04,2024-05-01,Spain,27,Male,Tablet,1 Month,30,353,928,1
772,Basic,12,2022-10-02,2023-01-17,Spain,48,Male,Laptop,1 Month,30,823,930,1
773,Standard,13,2022-10-01,2023-01-11,United States,27,Female,Smart TV,1 Month,30,829,931,1
774,Standard,15,2022-10-03,2023-07-08,Canada,49,Male,Smartphone,1 Month,30,651,929,1
775,Basic,11,2022-10-20,2023-01-04,United States,29,Male,Tablet,1 Month,30,836,912,1
776,Premium,11,2022-10-21,2023-03-20,United States,44,Male,Laptop,1 Month,30,761,911,1
777,Basic,11,2022-10-28,2023-06-28,Canada,31,Male,Smartphone,1 Month,30,661,904,1
778,Standard,13,2022-11-03,2023-07-29,United Kingdom,33,Male,Tablet,1 Month,30,630,898,1
779,Premium,10,2022-11-07,2023-01-31,Australia,36,Female,Smart TV,1 Month,30,809,894,1
780,Basic,15,2022-11-12,2023-11-26,Germany,43,Female,Laptop,1 Month,30,510,889,1
781,Premium,14,2022-11-13,2023-03-29,France,30,Female,Smartphone,1 Month,30,752,888,1
782,Basic,13,2022-11-02,2023-01-18,Brazil,44,Female,Laptop,1 Month,30,822,899,1
783,Standard,13,2022-11-01,2024-06-25,Mexico,37,Female,Laptop,1 Month,30,298,900,1
784,Standard,14,2022-10-31,2023-11-01,Spain,27,Male,Laptop,1 Month,30,535,901,1
785,Basic,12,2022-10-28,2022-12-22,Italy,35,Female,Laptop,1 Month,30,849,904,1
786,Premium,13,2022-10-24,2023-08-06,Spain,32,Male,Smart TV,1 Month,30,622,908,1
787,Basic,12,2022-10-03,2022-11-09,Spain,49,Female,Laptop,1 Month,30,892,929,1
788,Standard,12,2022-09-13,2024-06-28,United States,45,Female,Tablet,1 Month,30,295,949,1
789,Premium,11,2022-09-02,2023-06-11,Canada,33,Female,Smartphone,1 Month,30,678,960,1
790,Basic,14,2022-08-30,2023-07-28,United States,37,Female,Smartphone,1 Month,30,631,963,1
791,Premium,15,2022-08-25,2024-06-23,United States,29,Male,Smartphone,1 Month,30,300,968,1
792,Basic,12,2022-08-11,2022-11-04,Canada,45,Male,Smart TV,1 Month,30,897,982,1
793,Standard,11,2022-08-05,2024-02-11,United Kingdom,42,Female,Smartphone,1 Month,30,433,988,1
794,Standard,12,2022-08-02,2023-12-18,Australia,32,Female,Smart TV,1 Month,30,488,991,1
795,Basic,11,2022-08-03,2022-09-29,Germany,47,Male,Smartphone,1 Month,30,933,990,1
796,Premium,12,2022-08-04,2022-11-19,France,27,Male,Smart TV,1 Month,30,882,989,1
797,Basic,10,2022-08-05,2023-04-07,Brazil,35,Male,Tablet,1 Month,30,743,988,1
798,Standard,15,2022-07-12,2023-08-31,Mexico,35,Male,Laptop,1 Month,30,597,1012,1
799,Premium,10,2022-07-02,2023-07-31,Spain,48,Male,Tablet,1 Month,30,628,1022,1
800,Basic,12,2022-06-26,2024-05-21,Italy,36,Male,Smartphone,1 Month,30,333,1028,1
801,Premium,10,2022-06-22,2023-12-29,Spain,46,Male,Smartphone,1 Month,30,477,1032,1
802,Basic,13,2022-06-22,2023-05-29,Spain,33,Female,Smartphone,1 Month,30,691,1032,1
803,Standard,14,2022-06-19,2022-07-25,United States,43,Male,Smart TV,1 Month,30,999,1035,1
804,Standard,14,2022-06-22,2022-07-24,Canada,47,Female,Smartphone,1 Month,30,1000,1032,1
805,Basic,15,2022-06-27,2024-04-09,United States,39,Female,Laptop,1 Month,30,375,1027,1
806,Premium,15,2022-07-01,2023-07-28,United States,30,Female,Laptop,1 Month,30,631,1023,1
807,Basic,11,2022-06-28,2023-12-17,Canada,46,Male,Tablet,1 Month,30,489,1026,1
808,Standard,13,2022-06-25,2023-04-24,United Kingdom,39,Male,Smart TV,1 Month,30,726,1029,1
809,Premium,10,2022-06-22,2023-12-09,Australia,28,Male,Smartphone,1 Month,30,497,1032,1
810,Basic,13,2022-06-09,2022-07-23,Germany,38,Male,Smartphone,1 Month,30,1001,1045,1
811,Premium,13,2022-06-10,2023-01-17,France,36,Male,Laptop,1 Month,30,823,1044,1
812,Basic,15,2022-06-11,2024-04-01,Brazil,33,Male,Laptop,1 Month,30,383,1043,1
813,Standard,10,2022-06-11,2023-11-07,Mexico,50,Male,Smartphone,1 Month,30,529,1043,1
814,Standard,10,2022-06-12,2022-08-08,Spain,38,Male,Smartphone,1 Month,30,985,1042,1
815,Basic,15,2022-06-13,2022-08-20,Italy,29,Male,Smartphone,1 Month,30,973,1041,1
816,Premium,15,2022-06-18,2023-04-16,Spain,47,Female,Smart TV,1 Month,30,734,1036,1
817,Basic,15,2022-06-29,2023-03-16,Spain,31,Female,Tablet,1 Month,30,765,1025,1
818,Standard,13,2022-06-30,2022-10-23,United States,40,Male,Tablet,1 Month,30,909,1024,1
819,Premium,14,2022-07-01,2023-11-16,Canada,50,Male,Laptop,1 Month,30,520,1023,1
820,Basic,11,2022-07-07,2022-12-09,United States,43,Female,Tablet,1 Month,30,862,1017,1
821,Basic,12,2022-07-13,2024-01-30,United States,35,Female,Laptop,1 Month,30,445,1011,1
822,Basic,11,2022-07-24,2023-01-14,Canada,36,Male,Laptop,1 Month,30,826,1000,1
823,Standard,15,2022-07-29,2024-02-03,United Kingdom,30,Male,Smartphone,1 Month,30,441,995,1
824,Premium,13,2022-07-31,2023-03-29,Australia,47,Female,Smartphone,1 Month,30,752,993,1
825,Basic,12,2022-08-09,2022-10-02,Germany,30,Female,Laptop,1 Month,30,930,984,1
826,Basic,11,2022-08-18,2024-04-18,France,37,Male,Smart TV,1 Month,30,366,975,1
827,Premium,15,2022-08-20,2023-10-17,Brazil,34,Male,Smartphone,1 Month,30,550,973,1
828,Standard,15,2022-08-30,2022-12-04,Mexico,33,Female,Smart TV,1 Month,30,867,963,1
829,Standard,10,2022-09-01,2023-05-21,Spain,31,Male,Tablet,1 Month,30,699,961,1
830,Basic,13,2022-09-02,2023-01-18,Italy,30,Female,Smartphone,1 Month,30,822,960,1
831,Premium,10,2022-09-02,2023-02-24,Spain,35,Male,Smartphone,1 Month,30,785,960,1
832,Standard,14,2022-09-15,2023-02-02,Spain,40,Female,Tablet,1 Month,30,807,947,1
833,Basic,13,2022-09-17,2023-06-01,United States,29,Male,Smartphone,1 Month,30,688,945,1
834,Standard,14,2022-09-26,2023-02-13,Canada,34,Female,Smart TV,1 Month,30,796,936,1
835,Premium,12,2022-09-27,2024-02-08,United States,31,Male,Laptop,1 Month,30,436,935,1
836,Basic,15,2022-10-04,2022-12-06,United States,28,Male,Laptop,1 Month,30,865,928,1
837,Premium,12,2022-10-06,2024-07-19,Canada,46,Female,Smart TV,1 Month,30,274,926,1
838,Standard,11,2022-10-07,2023-11-09,United Kingdom,38,Male,Smartphone,1 Month,30,527,925,1
839,Basic,13,2022-10-06,2024-06-21,Australia,35,Female,Laptop,1 Month,30,302,926,1
840,Standard,15,2022-10-07,2024-05-12,Germany,49,Male,Smartphone,1 Month,30,342,925,1
841,Premium,13,2022-10-06,2024-01-03,France,42,Male,Smartphone,1 Month,30,472,926,1
842,Basic,14,2022-10-06,2024-07-09,Brazil,37,Female,Laptop,1 Month,30,284,926,1
843,Standard,13,2022-10-04,2024-04-03,Mexico,39,Female,Smartphone,1 Month,30,381,928,1
844,Premium,10,2022-10-14,2023-08-21,Spain,47,Female,Smart TV,1 Month,30,607,918,1
845,Basic,12,2022-10-19,2023-10-03,Italy,49,Male,Smartphone,1 Month,30,564,913,1
846,Premium,12,2022-10-21,2024-02-05,Spain,35,Male,Laptop,1 Month,30,439,911,1
847,Basic,11,2022-10-28,2023-10-07,Spain,36,Female,Smart TV,1 Month,30,560,904,1
848,Standard,11,2022-11-01,2023-12-12,United States,40,Male,Tablet,1 Month,30,494,900,1
849,Standard,10,2022-11-12,2023-09-26,Canada,30,Female,Smart TV,1 Month,30,571,889,1
850,Basic,13,2022-11-13,2024-02-22,United States,51,Female,Smart TV,1 Month,30,422,888,1
851,Premium,15,2022-11-09,2024-09-30,United States,47,Male,Laptop,1 Month,30,201,892,1
852,Basic,12,2022-11-08,2023-09-10,Canada,47,Female,Laptop,1 Month,30,587,893,1
853,Standard,14,2022-11-06,2024-07-09,United Kingdom,39,Male,Tablet,1 Month,30,284,895,1
854,Premium,10,2022-11-07,2024-04-22,Australia,49,Male,Smart TV,1 Month,30,362,894,1
855,Basic,12,2022-11-02,2024-08-16,Germany,33,Male,Laptop,1 Month,30,246,899,1
856,Premium,10,2022-10-06,2024-04-03,France,32,Female,Smart TV,1 Month,30,381,926,1
857,Basic,15,2022-09-16,2023-09-30,Brazil,40,Male,Smartphone,1 Month,30,567,946,1
858,Standard,14,2022-09-10,2023-12-29,Mexico,40,Female,Laptop,1 Month,30,477,952,1
859,Standard,12,2022-09-04,2023-09-18,Spain,51,Female,Tablet,1 Month,30,579,958,1
860,Basic,13,2022-08-26,2024-05-23,Italy,50,Male,Smart TV,1 Month,30,331,967,1
861,Premium,14,2022-08-14,2024-07-07,Spain,50,Female,Smart TV,1 Month,30,286,979,1
862,Basic,14,2022-08-12,2023-01-25,Spain,47,Male,Smartphone,1 Month,30,815,981,1
863,Standard,12,2022-08-10,2023-05-09,United States,35,Male,Laptop,1 Month,30,711,983,1
864,Premium,11,2022-08-10,2024-03-04,Canada,31,Male,Tablet,1 Month,30,411,983,1
865,Basic,15,2022-08-04,2022-10-12,United States,36,Male,Smartphone,1 Month,30,920,989,1
866,Premium,10,2022-08-05,2023-04-20,United States,41,Female,Smart TV,1 Month,30,730,988,1
867,Basic,13,2022-07-17,2024-02-14,Canada,49,Female,Tablet,1 Month,30,430,1007,1
868,Standard,12,2022-07-16,2023-03-25,United Kingdom,34,Female,Tablet,1 Month,30,756,1008,1
869,Standard,15,2022-07-13,2022-08-17,Australia,30,Female,Tablet,1 Month,30,976,1011,1
870,Basic,13,2022-07-03,2023-06-19,Germany,38,Male,Laptop,1 Month,30,670,1021,1
871,Premium,11,2022-06-24,2023-11-03,France,45,Male,Tablet,1 Month,30,533,1030,1
872,Basic,14,2022-06-21,2022-10-03,Brazil,42,Female,Laptop,1 Month,30,929,1033,1
873,Standard,10,2022-06-22,2022-07-25,Mexico,42,Female,Smart TV,1 Month,30,999,1032,1
874,Premium,10,2022-06-23,2024-04-28,Spain,31,Male,Smart TV,1 Month,30,356,1031,1
875,Basic,14,2022-06-26,2022-11-20,Italy,28,Male,Smart TV,1 Month,30,881,1028,1
876,Premium,11,2022-06-27,2024-03-23,Spain,44,Male,Tablet,1 Month,30,392,1027,1
877,Basic,13,2022-06-28,2023-12-13,Spain,30,Male,Smart TV,1 Month,30,493,1026,1
878,Standard,13,2022-06-28,2024-02-21,United States,33,Male,Smartphone,1 Month,30,423,1026,1
879,Standard,12,2022-06-18,2023-10-01,Canada,42,Female,Tablet,1 Month,30,566,1036,1
880,Basic,11,2022-06-11,2023-01-20,United States,31,Male,Smart TV,1 Month,30,820,1043,1
881,Premium,11,2022-06-11,2023-08-06,United States,31,Female,Smartphone,1 Month,30,622,1043,1
882,Basic,13,2022-06-12,2022-08-06,Canada,46,Female,Smart TV,1 Month,30,987,1042,1
883,Standard,15,2022-06-13,2023-09-20,United Kingdom,28,Female,Tablet,1 Month,30,577,1041,1
884,Premium,11,2022-06-13,2023-01-01,Australia,50,Male,Tablet,1 Month,30,839,1041,1
885,Basic,11,2022-06-18,2023-05-13,Germany,34,Male,Tablet,1 Month,30,707,1036,1
886,Premium,15,2022-06-23,2024-04-27,France,45,Female,Smart TV,1 Month,30,357,1031,1
887,Basic,12,2022-06-26,2023-06-16,Brazil,38,Female,Laptop,1 Month,30,673,1028,1
888,Standard,13,2022-06-29,2023-09-11,Mexico,42,Female,Laptop,1 Month,30,586,1025,1
889,Standard,10,2022-07-02,2022-11-26,Spain,45,Female,Smartphone,1 Month,30,875,1022,1
890,Basic,10,2022-07-06,2023-03-17,Italy,44,Male,Smart TV,1 Month,30,764,1018,1
891,Premium,14,2022-07-18,2024-01-30,Spain,50,Female,Smart TV,1 Month,30,445,1006,1
892,Basic,15,2022-07-29,2022-12-18,Spain,38,Male,Tablet,1 Month,30,853,995,1
893,Standard,13,2022-07-30,2023-01-15,United States,42,Female,Smart TV,1 Month,30,825,994,1
894,Premium,13,2022-08-03,2024-03-13,Canada,50,Male,Smart TV,1 Month,30,402,990,1
895,Basic,10,2022-08-15,2022-09-14,United States,30,Male,Smartphone,1 Month,30,948,978,1
896,Basic,10,2022-08-20,2022-12-17,United States,47,Female,Smartphone,1 Month,30,854,973,1
897,Basic,14,2022-08-21,2024-07-04,Canada,32,Female,Laptop,1 Month,30,289,972,1
898,Standard,11,2022-08-30,2023-08-14,United Kingdom,31,Female,Tablet,1 Month,30,614,963,1
899,Premium,15,2022-09-01,2024-04-02,Australia,37,Male,Laptop,1 Month,30,382,961,1
900,Basic,14,2022-09-02,2023-02-17,Germany,32,Female,Smartphone,1 Month,30,792,960,1
901,Basic,12,2022-09-04,2024-02-26,France,29,Male,Smartphone,1 Month,30,418,958,1
902,Premium,12,2022-09-10,2023-06-25,Brazil,28,Male,Tablet,1 Month,30,664,952,1
903,Standard,11,2022-09-25,2022-11-03,Mexico,42,Male,Laptop,1 Month,30,898,937,1
904,Standard,12,2022-09-27,2023-07-14,Spain,37,Male,Tablet,1 Month,30,645,935,1
905,Basic,13,2022-10-01,2024-08-10,Italy,38,Female,Laptop,1 Month,30,252,931,1
906,Premium,13,2022-10-06,2023-04-25,Spain,32,Male,Smart TV,1 Month,30,725,926,1
907,Standard,15,2022-10-07,2022-11-18,Spain,48,Male,Laptop,1 Month,30,883,925,1
908,Basic,13,2022-10-08,2023-04-23,United States,46,Female,Smart TV,1 Month,30,727,924,1
909,Standard,14,2022-10-08,2024-08-09,Canada,30,Male,Tablet,1 Month,30,253,924,1
910,Premium,10,2022-10-08,2024-06-24,United States,40,Female,Smart TV,1 Month,30,299,924,1
911,Basic,13,2022-10-08,2023-09-23,United States,29,Male,Smart TV,1 Month,30,574,924,1
912,Premium,15,2022-10-08,2023-09-21,Canada,41,Male,Tablet,1 Month,30,576,924,1
913,Standard,15,2022-10-10,2024-07-13,United Kingdom,32,Male,Laptop,1 Month,30,280,922,1
914,Basic,12,2022-10-19,2023-10-12,Australia,44,Female,Smart TV,1 Month,30,555,913,1
915,Standard,15,2022-10-20,2024-05-21,Germany,41,Male,Laptop,1 Month,30,333,912,1
916,Premium,12,2022-10-26,2024-01-17,France,50,Female,Smartphone,1 Month,30,458,906,1
917,Basic,14,2022-10-29,2024-07-25,Brazil,33,Female,Tablet,1 Month,30,268,903,1
918,Standard,10,2022-10-31,2023-03-04,Mexico,34,Female,Smart TV,1 Month,30,777,901,1
919,Premium,15,2022-11-11,2024-07-13,Spain,40,Male,Smartphone,1 Month,30,280,890,1
920,Basic,14,2022-11-09,2023-10-22,Italy,34,Female,Tablet,1 Month,30,545,892,1
921,Premium,14,2022-11-09,2023-08-01,Spain,27,Female,Smart TV,1 Month,30,627,892,1
922,Basic,13,2022-11-07,2023-11-05,Spain,34,Male,Tablet,1 Month,30,531,894,1
923,Standard,13,2022-11-08,2023-12-18,United States,28,Male,Tablet,1 Month,30,488,893,1
924,Standard,14,2022-11-05,2024-03-07,Canada,37,Female,Smart TV,1 Month,30,408,896,1
925,Basic,10,2022-10-25,2023-04-09,United States,27,Female,Laptop,1 Month,30,741,907,1
926,Premium,13,2022-10-23,2024-07-01,United States,33,Female,Laptop,1 Month,30,292,909,1
927,Basic,11,2022-10-20,2024-05-18,Canada,42,Male,Laptop,1 Month,30,336,912,1
928,Standard,11,2022-10-14,2024-04-08,United Kingdom,49,Male,Smartphone,1 Month,30,376,918,1
929,Premium,13,2022-08-29,2023-07-20,Australia,44,Male,Smart TV,1 Month,30,639,964,1
930,Basic,10,2022-08-18,2023-08-02,Germany,47,Male,Laptop,1 Month,30,626,975,1
931,Premium,13,2022-08-13,2024-04-05,France,33,Male,Laptop,1 Month,30,379,980,1
932,Basic,11,2022-08-11,2023-08-24,Brazil,37,Male,Smart TV,1 Month,30,604,982,1
933,Standard,10,2022-08-11,2023-04-26,Mexico,35,Male,Laptop,1 Month,30,724,982,1
934,Standard,11,2022-08-06,2023-06-01,Spain,34,Female,Smartphone,1 Month,30,688,987,1
935,Basic,10,2022-08-07,2023-06-23,Italy,44,Male,Smartphone,1 Month,30,666,986,1
936,Premium,15,2022-07-18,2023-01-28,Spain,29,Male,Tablet,1 Month,30,812,1006,1
937,Basic,10,2022-07-17,2022-08-20,Spain,38,Male,Smartphone,1 Month,30,973,1007,1
938,Standard,14,2022-07-15,2023-08-27,United States,46,Male,Smart TV,1 Month,30,601,1009,1
939,Premium,10,2022-07-14,2022-10-29,Canada,29,Male,Tablet,1 Month,30,903,1010,1
940,Basic,12,2022-06-26,2023-09-08,United States,48,Female,Smart TV,1 Month,30,589,1028,1
941,Premium,10,2022-06-26,2024-02-19,United States,36,Male,Smart TV,1 Month,30,425,1028,1
942,Basic,12,2022-06-22,2022-11-30,Canada,43,Male,Laptop,1 Month,30,871,1032,1
943,Standard,15,2022-06-23,2024-03-14,United Kingdom,42,Female,Smart TV,1 Month,30,401,1031,1
944,Standard,10,2022-06-24,2022-09-03,Australia,50,Male,Tablet,1 Month,30,959,1030,1
945,Basic,13,2022-06-26,2022-10-22,Germany,39,Male,Laptop,1 Month,30,910,1028,1
946,Premium,14,2022-06-28,2023-09-02,France,43,Female,Laptop,1 Month,30,595,1026,1
947,Basic,10,2022-06-29,2023-05-20,Brazil,50,Female,Tablet,1 Month,30,700,1025,1
948,Standard,12,2022-06-26,2023-05-16,Mexico,51,Male,Laptop,1 Month,30,704,1028,1
949,Premium,14,2022-06-26,2024-04-01,Spain,40,Male,Tablet,1 Month,30,383,1028,1
950,Basic,10,2022-06-20,2023-12-27,Italy,31,Male,Tablet,1 Month,30,479,1034,1
951,Premium,12,2022-06-18,2024-04-14,Spain,39,Female,Smartphone,1 Month,30,370,1036,1
952,Basic,10,2022-06-16,2023-09-10,Spain,49,Female,Tablet,1 Month,30,587,1038,1
953,Standard,10,2022-06-16,2022-08-07,United States,34,Female,Laptop,1 Month,30,986,1038,1
954,Standard,13,2022-06-17,2024-02-11,Canada,38,Male,Smartphone,1 Month,30,433,1037,1
955,Basic,15,2022-06-20,2022-12-09,United States,36,Female,Laptop,1 Month,30,862,1034,1
956,Premium,10,2022-06-24,2024-05-18,United States,42,Female,Smart TV,1 Month,30,336,1030,1
957,Basic,14,2022-06-27,2022-12-18,Canada,50,Male,Tablet,1 Month,30,853,1027,1
958,Standard,10,2022-07-02,2023-03-13,United Kingdom,42,Female,Laptop,1 Month,30,768,1022,1
959,Premium,14,2022-07-04,2023-12-18,Australia,35,Female,Laptop,1 Month,30,488,1020,1
960,Basic,15,2022-07-15,2024-04-20,Germany,46,Female,Tablet,1 Month,30,364,1009,1
961,Premium,15,2022-07-23,2022-12-03,France,48,Male,Laptop,1 Month,30,868,1001,1
962,Basic,12,2022-07-29,2022-10-05,Brazil,43,Female,Laptop,1 Month,30,927,995,1
963,Standard,13,2022-08-01,2023-03-16,Mexico,51,Female,Tablet,1 Month,30,765,992,1
964,Standard,13,2022-08-12,2024-06-17,Spain,45,Male,Smart TV,1 Month,30,306,981,1
965,Basic,10,2022-08-14,2024-04-13,Italy,46,Male,Laptop,1 Month,30,371,979,1
966,Premium,12,2022-08-16,2023-10-10,Spain,42,Female,Laptop,1 Month,30,557,977,1
967,Basic,10,2022-08-26,2023-03-22,Spain,42,Female,Smartphone,1 Month,30,759,967,1
968,Standard,13,2022-08-31,2024-04-05,United States,50,Male,Tablet,1 Month,30,379,962,1
969,Premium,12,2022-09-02,2023-12-23,Canada,28,Male,Smart TV,1 Month,30,483,960,1
970,Basic,15,2022-09-03,2024-02-14,United States,44,Female,Tablet,1 Month,30,430,959,1
971,Basic,10,2022-09-05,2022-10-19,United States,36,Male,Tablet,1 Month,30,913,957,1
972,Basic,14,2022-09-10,2024-06-23,Canada,37,Female,Laptop,1 Month,30,300,952,1
973,Standard,12,2022-09-17,2024-08-15,United Kingdom,36,Male,Smartphone,1 Month,30,247,945,1
974,Premium,13,2022-09-28,2023-08-12,Australia,31,Male,Smartphone,1 Month,30,616,934,1
975,Basic,12,2022-10-02,2024-02-21,Germany,36,Female,Smart TV,1 Month,30,423,930,1
976,Basic,15,2022-10-05,2023-06-22,France,39,Female,Laptop,1 Month,30,667,927,1
977,Premium,11,2022-10-07,2023-12-30,Brazil,45,Female,Laptop,1 Month,30,476,925,1
978,Standard,13,2022-10-08,2023-04-12,Mexico,29,Male,Smart TV,1 Month,30,738,924,1
979,Standard,15,2022-10-08,2024-05-09,Spain,45,Male,Smartphone,1 Month,30,345,924,1
980,Basic,11,2022-10-09,2024-01-22,Italy,29,Male,Smart TV,1 Month,30,453,923,1
981,Premium,10,2022-10-09,2023-02-12,Spain,28,Female,Smart TV,1 Month,30,797,923,1
982,Standard,12,2022-10-10,2023-12-24,Spain,42,Female,Smart TV,1 Month,30,482,922,1
983,Basic,11,2022-10-14,2023-08-28,United States,36,Female,Smartphone,1 Month,30,600,918,1
984,Standard,15,2022-10-16,2023-07-26,Canada,39,Male,Smart TV,1 Month,30,633,916,1
985,Premium,11,2022-10-21,2023-06-03,United States,36,Male,Smart TV,1 Month,30,686,911,1
986,Basic,15,2022-10-25,2024-07-13,United States,49,Male,Laptop,1 Month,30,280,907,1
987,Premium,11,2022-10-30,2024-05-03,Canada,32,Female,Tablet,1 Month,30,351,902,1
988,Standard,12,2022-10-31,2024-04-29,United Kingdom,40,Female,Smartphone,1 Month,30,355,901,1
989,Basic,12,2022-11-08,2024-09-02,Australia,34,Male,Smartphone,1 Month,30,229,893,1
990,Standard,15,2022-11-09,2023-04-05,Germany,35,Male,Smartphone,1 Month,30,745,892,1
991,Premium,11,2022-11-07,2023-05-14,France,44,Female,Smart TV,1 Month,30,706,894,1
992,Basic,13,2022-11-08,2023-07-23,Brazil,47,Female,Smartphone,1 Month,30,636,893,1
993,Standard,14,2022-11-08,2023-07-11,Mexico,33,Female,Laptop,1 Month,30,648,893,1
994,Premium,11,2022-10-31,2022-12-14,Spain,45,Male,Tablet,1 Month,30,857,901,1
995,Basic,14,2022-10-28,2023-05-02,Italy,42,Female,Tablet,1 Month,30,718,904,1
996,Premium,15,2022-10-25,2024-09-01,Spain,46,Male,Tablet,1 Month,30,230,907,1
997,Basic,14,2022-10-18,2023-08-04,Spain,51,Male,Tablet,1 Month,30,624,914,1
998,Standard,15,2022-09-25,2023-03-30,United States,41,Female,Laptop,1 Month,30,751,937,1
999,Standard,10,2022-08-26,2022-11-10,Canada,50,Female,Tablet,1 Month,30,891,967,1
1000,Basic,10,2022-08-20,2023-08-08,United States,49,Female,Smartphone,1 Month,30,620,973,1
1001,Premium,12,2022-08-12,2023-01-18,United States,34,Female,Laptop,1 Month,30,822,981,1
1002,Basic,13,2022-08-12,2023-10-26,Canada,38,Female,Tablet,1 Month,30,541,981,1
1003,Standard,13,2022-08-11,2022-12-13,United Kingdom,46,Male,Smart TV,1 Month,30,858,982,1
1004,Premium,14,2022-08-11,2024-05-28,Australia,42,Male,Smart TV,1 Month,30,326,982,1
1005,Basic,12,2022-08-10,2023-06-27,Germany,46,Male,Laptop,1 Month,30,662,983,1
1006,Premium,10,2022-07-31,2023-06-08,France,51,Female,Smart TV,1 Month,30,681,993,1
1007,Basic,12,2022-07-17,2022-10-23,Brazil,35,Male,Smart TV,1 Month,30,909,1007,1
1008,Standard,10,2022-07-15,2024-06-03,Mexico,34,Female,Smartphone,1 Month,30,320,1009,1
1009,Standard,14,2022-07-05,2022-08-14,Spain,31,Female,Laptop,1 Month,30,979,1019,1
1010,Basic,12,2022-07-01,2023-04-10,Italy,36,Female,Tablet,1 Month,30,740,1023,1
1011,Premium,15,2022-07-01,2024-01-31,Spain,28,Male,Smart TV,1 Month,30,444,1023,1
1012,Basic,15,2022-06-26,2022-12-06,Spain,29,Female,Smartphone,1 Month,30,865,1028,1
1013,Standard,12,2022-06-27,2022-08-18,United States,42,Female,Smart TV,1 Month,30,975,1027,1
1014,Premium,10,2022-06-28,2023-07-08,Canada,35,Female,Smartphone,1 Month,30,651,1026,1
1015,Basic,12,2022-06-28,2023-05-25,United States,32,Female,Laptop,1 Month,30,695,1026,1
1016,Premium,10,2022-06-29,2023-07-26,United States,43,Female,Tablet,1 Month,30,633,1025,1
1017,Basic,10,2022-06-26,2023-08-25,Canada,29,Male,Smartphone,1 Month,30,603,1028,1
1018,Standard,13,2022-06-26,2023-02-28,United Kingdom,35,Female,Tablet,1 Month,30,781,1028,1
1019,Standard,14,2022-06-24,2022-12-11,Australia,27,Female,Tablet,1 Month,30,860,1030,1
1020,Basic,13,2022-06-21,2024-03-27,Germany,38,Male,Tablet,1 Month,30,388,1033,1
1021,Premium,13,2022-06-22,2023-02-16,France,33,Male,Smart TV,1 Month,30,793,1032,1
1022,Basic,11,2022-06-18,2024-03-31,Brazil,48,Male,Laptop,1 Month,30,384,1036,1
1023,Standard,10,2022-06-18,2024-03-24,Mexico,51,Female,Laptop,1 Month,30,391,1036,1
1024,Premium,10,2022-06-20,2023-10-22,Spain,40,Female,Smartphone,1 Month,30,545,1034,1
1025,Basic,13,2022-06-23,2023-07-13,Italy,28,Male,Smartphone,1 Month,30,646,1031,1
1026,Premium,10,2022-06-26,2023-06-14,Spain,46,Female,Laptop,1 Month,30,675,1028,1
1027,Basic,12,2022-07-02,2022-12-11,Spain,28,Female,Tablet,1 Month,30,860,1022,1
1028,Standard,12,2022-07-04,2022-12-07,United States,47,Male,Tablet,1 Month,30,864,1020,1
1029,Standard,10,2022-07-07,2022-11-19,Canada,47,Male,Smartphone,1 Month,30,882,1017,1
1030,Basic,13,2022-07-14,2024-04-07,United States,50,Male,Smartphone,1 Month,30,377,1010,1
1031,Premium,13,2022-07-20,2023-08-31,United States,50,Female,Smart TV,1 Month,30,597,1004,1
1032,Basic,15,2022-07-23,2022-10-11,Canada,29,Male,Smartphone,1 Month,30,921,1001,1
1033,Standard,15,2022-07-30,2022-09-26,United Kingdom,38,Male,Tablet,1 Month,30,936,994,1
1034,Premium,11,2022-08-12,2023-12-16,Australia,40,Female,Tablet,1 Month,30,490,981,1
1035,Basic,14,2022-08-14,2023-07-05,Germany,43,Male,Smartphone,1 Month,30,654,979,1
1036,Premium,14,2022-08-22,2023-07-14,France,27,Female,Smartphone,1 Month,30,645,971,1
1037,Basic,10,2022-08-29,2023-11-08,Brazil,37,Female,Tablet,1 Month,30,528,964,1
1038,Standard,12,2022-09-02,2024-06-05,Mexico,30,Male,Smartphone,1 Month,30,318,960,1
1039,Standard,13,2022-09-03,2023-11-11,Spain,50,Male,Laptop,1 Month,30,525,959,1
1040,Basic,11,2022-09-04,2023-09-14,Italy,51,Male,Smartphone,1 Month,30,583,958,1
1041,Premium,13,2022-09-06,2024-06-18,Spain,37,Female,Laptop,1 Month,30,305,956,1
1042,Basic,14,2022-09-10,2023-12-03,Spain,35,Female,Tablet,1 Month,30,503,952,1
1043,Standard,12,2022-09-20,2023-04-19,United States,35,Male,Tablet,1 Month,30,731,942,1
1044,Premium,11,2022-09-26,2022-10-26,Canada,46,Male,Tablet,1 Month,30,906,936,1
1045,Basic,13,2022-10-04,2024-05-22,United States,27,Male,Tablet,1 Month,30,332,928,1
1046,Basic,13,2022-10-06,2023-11-10,United States,27,Male,Laptop,1 Month,30,526,926,1
1047,Basic,13,2022-10-07,2024-08-27,Canada,39,Female,Laptop,1 Month,30,235,925,1
1048,Standard,15,2022-10-08,2024-01-11,United Kingdom,51,Male,Tablet,1 Month,30,464,924,1
1049,Premium,14,2022-10-09,2023-09-12,Australia,41,Male,Smartphone,1 Month,30,585,923,1
1050,Basic,15,2022-10-10,2023-03-25,Germany,30,Female,Smart TV,1 Month,30,756,922,1
1051,Basic,11,2022-10-10,2023-05-29,France,46,Male,Laptop,1 Month,30,691,922,1
1052,Premium,14,2022-10-14,2024-01-22,Brazil,31,Male,Tablet,1 Month,30,453,918,1
1053,Standard,13,2022-10-15,2023-09-22,Mexico,49,Male,Smartphone,1 Month,30,575,917,1
1054,Standard,12,2022-10-17,2023-03-12,Spain,39,Female,Tablet,1 Month,30,769,915,1
1055,Basic,11,2022-10-23,2024-09-17,Italy,47,Male,Smartphone,1 Month,30,214,909,1
1056,Premium,15,2022-10-27,2024-06-22,Spain,36,Female,Tablet,1 Month,30,301,905,1
1057,Standard,14,2022-10-29,2023-07-29,Spain,42,Female,Tablet,1 Month,30,630,903,1
1058,Basic,15,2022-11-05,2024-05-24,United States,28,Female,Smart TV,1 Month,30,330,896,1
1059,Standard,15,2022-11-07,2024-07-30,Canada,43,Male,Tablet,1 Month,30,263,894,1
1060,Premium,10,2022-11-08,2023-02-20,United States,50,Female,Laptop,1 Month,30,789,893,1
1061,Basic,15,2022-11-09,2023-12-29,United States,30,Female,Tablet,1 Month,30,477,892,1
1062,Premium,10,2022-11-10,2023-07-07,Canada,34,Female,Laptop,1 Month,30,652,891,1
1063,Standard,13,2022-11-02,2024-03-20,United Kingdom,35,Female,Laptop,1 Month,30,395,899,1
1064,Basic,11,2022-10-31,2024-01-21,Australia,29,Male,Tablet,1 Month,30,454,901,1
1065,Standard,15,2022-10-29,2023-11-09,Germany,33,Male,Smart TV,1 Month,30,527,903,1
1066,Premium,12,2022-10-22,2024-05-02,France,47,Male,Laptop,1 Month,30,352,910,1
1067,Basic,14,2022-10-20,2024-08-19,Brazil,32,Female,Tablet,1 Month,30,243,912,1
1068,Standard,15,2022-10-21,2023-05-17,Mexico,34,Female,Tablet,1 Month,30,703,911,1
1069,Premium,13,2022-10-10,2023-05-09,Spain,46,Male,Smart TV,1 Month,30,711,922,1
1070,Basic,15,2022-09-06,2024-07-30,Italy,31,Male,Tablet,1 Month,30,263,956,1
1071,Premium,12,2022-09-06,2022-10-30,Spain,40,Female,Tablet,1 Month,30,902,956,1
1072,Basic,11,2022-08-13,2023-03-10,Spain,38,Female,Tablet,1 Month,30,771,980,1
1073,Standard,11,2022-08-13,2024-01-25,United States,31,Male,Smart TV,1 Month,30,450,980,1
1074,Standard,12,2022-08-13,2023-02-19,Canada,46,Female,Smartphone,1 Month,30,790,980,1
1075,Basic,11,2022-08-06,2023-02-28,United States,43,Male,Smart TV,1 Month,30,781,987,1
1076,Premium,15,2022-08-06,2023-06-16,United States,38,Female,Laptop,1 Month,30,673,987,1
1077,Basic,15,2022-07-22,2022-10-22,Canada,38,Female,Laptop,1 Month,30,910,1002,1
1078,Standard,14,2022-07-17,2024-06-07,United Kingdom,27,Male,Laptop,1 Month,30,316,1007,1
1079,Premium,12,2022-07-09,2024-06-03,Australia,49,Female,Tablet,1 Month,30,320,1015,1
1080,Basic,11,2022-07-04,2023-01-05,Germany,33,Male,Smartphone,1 Month,30,835,1020,1
1081,Premium,10,2022-06-27,2023-11-07,France,40,Female,Smartphone,1 Month,30,529,1027,1
1082,Basic,13,2022-06-28,2022-09-14,Brazil,27,Male,Tablet,1 Month,30,948,1026,1
1083,Standard,12,2022-06-28,2022-10-19,Mexico,28,Female,Laptop,1 Month,30,913,1026,1
1084,Standard,10,2022-06-29,2023-07-24,Spain,30,Male,Smartphone,1 Month,30,635,1025,1
1085,Basic,10,2022-06-29,2022-12-23,Italy,33,Female,Smartphone,1 Month,30,848,1025,1
1086,Premium,15,2022-06-26,2024-04-15,Spain,51,Female,Tablet,1 Month,30,369,1028,1
1087,Basic,11,2022-06-26,2023-07-02,Spain,51,Male,Tablet,1 Month,30,657,1028,1
1088,Standard,10,2022-06-26,2023-11-13,United States,50,Female,Smartphone,1 Month,30,523,1028,1
1089,Premium,14,2022-06-24,2022-09-24,Canada,46,Female,Tablet,1 Month,30,938,1030,1
1090,Basic,14,2022-06-25,2023-07-19,United States,31,Male,Smart TV,1 Month,30,640,1029,1
1091,Premium,12,2022-06-20,2024-01-31,United States,46,Female,Smartphone,1 Month,30,444,1034,1
1092,Basic,15,2022-06-21,2023-06-12,Canada,41,Male,Smart TV,1 Month,30,677,1033,1
1093,Standard,12,2022-06-20,2022-12-07,United Kingdom,36,Male,Smartphone,1 Month,30,864,1034,1
1094,Standard,10,2022-06-22,2023-02-21,Australia,45,Female,Tablet,1 Month,30,788,1032,1
1095,Basic,10,2022-06-24,2023-10-01,Germany,36,Male,Smartphone,1 Month,30,566,1030,1
1096,Premium,15,2022-06-30,2023-06-12,France,28,Male,Smartphone,1 Month,30,677,1024,1
1097,Basic,13,2022-07-03,2022-09-02,Brazil,45,Female,Smartphone,1 Month,30,960,1021,1
1098,Standard,10,2022-07-04,2024-06-02,Mexico,39,Female,Smartphone,1 Month,30,321,1020,1
1099,Premium,13,2022-07-08,2023-05-18,Spain,51,Female,Laptop,1 Month,30,702,1016,1
1100,Basic,10,2022-07-19,2023-06-18,Italy,37,Male,Laptop,1 Month,30,671,1005,1
1101,Premium,11,2022-07-21,2023-10-22,Spain,33,Female,Tablet,1 Month,30,545,1003,1
1102,Basic,15,2022-07-27,2023-12-15,Spain,32,Female,Smartphone,1 Month,30,491,997,1
1103,Standard,14,2022-08-02,2023-06-13,United States,49,Female,Tablet,1 Month,30,676,991,1
1104,Standard,10,2022-08-09,2023-01-29,Canada,37,Female,Smart TV,1 Month,30,811,984,1
1105,Basic,15,2022-08-21,2023-11-17,United States,39,Male,Tablet,1 Month,30,519,972,1
1106,Premium,14,2022-08-29,2022-10-16,United States,37,Male,Smart TV,1 Month,30,916,964,1
1107,Basic,15,2022-08-31,2022-10-17,Canada,36,Female,Smart TV,1 Month,30,915,962,1
1108,Standard,10,2022-09-02,2024-05-13,United Kingdom,34,Male,Laptop,1 Month,30,341,960,1
1109,Premium,13,2022-09-04,2023-10-09,Australia,51,Female,Smartphone,1 Month,30,558,958,1
1110,Basic,13,2022-09-05,2023-03-28,Germany,41,Female,Tablet,1 Month,30,753,957,1
1111,Premium,13,2022-09-10,2023-04-21,France,51,Male,Smart TV,1 Month,30,729,952,1
1112,Basic,15,2022-09-13,2024-02-26,Brazil,31,Female,Tablet,1 Month,30,418,949,1
1113,Standard,13,2022-09-20,2023-02-09,Mexico,44,Male,Laptop,1 Month,30,800,942,1
1114,Standard,15,2022-10-01,2023-02-21,Spain,50,Male,Smart TV,1 Month,30,788,931,1
1115,Basic,14,2022-10-03,2023-06-11,Italy,33,Male,Laptop,1 Month,30,678,929,1
1116,Premium,11,2022-10-06,2024-08-09,Spain,44,Female,Laptop,1 Month,30,253,926,1
1117,Basic,15,2022-10-08,2023-07-28,Spain,42,Female,Tablet,1 Month,30,631,924,1
1118,Standard,13,2022-10-09,2023-01-01,United States,35,Male,Smart TV,1 Month,30,839,923,1
1119,Premium,12,2022-10-10,2024-08-12,Canada,48,Male,Smartphone,1 Month,30,250,922,1
1120,Basic,13,2022-10-10,2024-02-09,United States,51,Female,Smartphone,1 Month,30,435,922,1
1121,Basic,15,2022-10-12,2023-04-21,United States,44,Female,Smart TV,1 Month,30,729,920,1
1122,Basic,11,2022-10-14,2023-11-27,Canada,37,Female,Smartphone,1 Month,30,509,918,1
1123,Standard,15,2022-10-15,2023-02-08,United Kingdom,35,Female,Laptop,1 Month,30,801,917,1
1124,Premium,11,2022-10-17,2023-01-09,Australia,32,Male,Laptop,1 Month,30,831,915,1
1125,Basic,15,2022-10-19,2024-03-07,Germany,46,Female,Tablet,1 Month,30,408,913,1
1126,Basic,14,2022-10-25,2023-05-20,France,39,Female,Laptop,1 Month,30,700,907,1
1127,Premium,11,2022-10-26,2023-12-20,Brazil,33,Female,Tablet,1 Month,30,486,906,1
1128,Standard,10,2022-11-05,2023-11-18,Mexico,42,Male,Tablet,1 Month,30,518,896,1
1129,Standard,14,2022-11-07,2022-12-14,Spain,37,Female,Smartphone,1 Month,30,857,894,1
1130,Basic,14,2022-11-08,2023-10-16,Italy,27,Female,Smart TV,1 Month,30,551,893,1
1131,Premium,14,2022-11-09,2024-02-24,Spain,34,Female,Laptop,1 Month,30,420,892,1
1132,Standard,13,2022-11-06,2023-10-29,Spain,51,Male,Laptop,1 Month,30,538,895,1
1133,Basic,12,2022-11-04,2023-01-26,United States,42,Male,Laptop,1 Month,30,814,897,1
1134,Standard,13,2022-11-03,2023-07-29,Canada,46,Female,Smart TV,1 Month,30,630,898,1
1135,Premium,13,2022-10-23,2023-07-08,United States,36,Male,Laptop,1 Month,30,651,909,1
1136,Basic,14,2022-10-24,2024-06-23,United States,46,Male,Smartphone,1 Month,30,300,908,1
1137,Premium,13,2022-10-23,2023-01-11,Canada,51,Male,Smart TV,1 Month,30,829,909,1
1138,Standard,12,2022-10-21,2024-07-20,United Kingdom,45,Female,Smartphone,1 Month,30,273,911,1
1139,Basic,14,2022-09-11,2024-06-05,Australia,33,Male,Smartphone,1 Month,30,318,951,1
1140,Standard,10,2022-09-09,2023-06-29,Germany,31,Female,Smart TV,1 Month,30,660,953,1
1141,Premium,12,2022-08-22,2023-11-12,France,48,Female,Smart TV,1 Month,30,524,971,1
1142,Basic,13,2022-08-21,2022-12-24,Brazil,47,Female,Laptop,1 Month,30,847,972,1
1143,Standard,13,2022-08-15,2022-12-10,Mexico,43,Male,Smart TV,1 Month,30,861,978,1
1144,Premium,14,2022-08-14,2022-11-29,Spain,39,Male,Tablet,1 Month,30,872,979,1
1145,Basic,11,2022-08-09,2023-06-22,Italy,46,Male,Smart TV,1 Month,30,667,984,1
1146,Premium,12,2022-08-04,2022-12-31,Spain,46,Female,Smartphone,1 Month,30,840,989,1
1147,Basic,11,2022-07-27,2023-12-29,Spain,40,Female,Tablet,1 Month,30,477,997,1
1148,Standard,12,2022-07-11,2023-11-04,United States,38,Male,Smartphone,1 Month,30,532,1013,1
1149,Standard,13,2022-07-09,2023-12-20,Canada,48,Female,Tablet,1 Month,30,486,1015,1
1150,Basic,15,2022-07-01,2023-01-11,United States,38,Male,Tablet,1 Month,30,829,1023,1
1151,Premium,12,2022-06-30,2023-01-27,United States,43,Male,Laptop,1 Month,30,813,1024,1
1152,Basic,11,2022-06-29,2023-11-09,Canada,29,Male,Smartphone,1 Month,30,527,1025,1
1153,Standard,15,2022-06-29,2022-08-04,United Kingdom,32,Female,Laptop,1 Month,30,989,1025,1
1154,Premium,10,2022-06-30,2023-06-24,Australia,32,Female,Laptop,1 Month,30,665,1024,1
1155,Basic,10,2022-06-30,2022-12-27,Germany,49,Female,Laptop,1 Month,30,844,1024,1
1156,Premium,14,2022-06-26,2022-10-18,France,51,Female,Laptop,1 Month,30,914,1028,1
1157,Basic,14,2022-06-27,2022-12-20,Brazil,32,Male,Smart TV,1 Month,30,851,1027,1
1158,Standard,12,2022-06-25,2024-04-08,Mexico,35,Female,Smart TV,1 Month,30,376,1029,1
1159,Standard,15,2022-06-25,2023-08-09,Spain,41,Male,Laptop,1 Month,30,619,1029,1
1160,Basic,12,2022-06-20,2024-01-18,Italy,43,Female,Smart TV,1 Month,30,457,1034,1
1161,Premium,12,2022-06-21,2023-05-01,Spain,41,Male,Smartphone,1 Month,30,719,1033,1
1162,Basic,10,2022-06-21,2022-10-10,Spain,51,Male,Smart TV,1 Month,30,922,1033,1
1163,Standard,13,2022-06-22,2023-12-17,United States,47,Female,Smart TV,1 Month,30,489,1032,1
1164,Premium,15,2022-06-23,2023-12-27,Canada,39,Male,Smart TV,1 Month,30,479,1031,1
1165,Basic,15,2022-06-27,2023-08-16,United States,51,Male,Smartphone,1 Month,30,612,1027,1
1166,Premium,13,2022-07-02,2023-11-14,United States,39,Female,Tablet,1 Month,30,522,1022,1
1167,Basic,12,2022-07-03,2022-11-28,Canada,45,Male,Tablet,1 Month,30,873,1021,1
1168,Standard,13,2022-07-05,2023-09-03,United Kingdom,42,Male,Laptop,1 Month,30,594,1019,1
1169,Standard,13,2022-07-15,2024-01-27,Australia,48,Male,Smartphone,1 Month,30,448,1009,1
1170,Basic,11,2022-07-20,2023-05-06,Germany,33,Male,Smart TV,1 Month,30,714,1004,1
1171,Premium,14,2022-07-27,2023-05-08,France,47,Female,Smartphone,1 Month,30,712,997,1
1172,Basic,11,2022-07-29,2023-04-10,Brazil,51,Female,Smart TV,1 Month,30,740,995,1
1173,Standard,11,2022-08-03,2022-10-24,Mexico,27,Male,Smartphone,1 Month,30,908,990,1
1174,Premium,11,2022-08-18,2024-01-29,Spain,44,Female,Laptop,1 Month,30,446,975,1
1175,Basic,12,2022-08-23,2024-02-09,Italy,41,Male,Laptop,1 Month,30,435,970,1
1176,Premium,11,2022-08-27,2023-09-24,Spain,37,Male,Smart TV,1 Month,30,573,966,1
1177,Basic,15,2022-09-01,2023-07-07,Spain,48,Male,Tablet,1 Month,30,652,961,1
1178,Standard,12,2022-09-03,2024-05-17,United States,30,Male,Smart TV,1 Month,30,337,959,1
1179,Standard,14,2022-09-05,2023-03-11,Canada,44,Female,Smartphone,1 Month,30,770,957,1
1180,Basic,14,2022-09-09,2024-07-01,United States,34,Female,Smart TV,1 Month,30,292,953,1
1181,Premium,15,2022-09-11,2022-12-08,United States,40,Female,Laptop,1 Month,30,863,951,1
1182,Basic,14,2022-09-17,2023-02-21,Canada,28,Female,Smartphone,1 Month,30,788,945,1
1183,Standard,15,2022-09-19,2023-02-10,United Kingdom,44,Female,Tablet,1 Month,30,799,943,1
1184,Premium,13,2022-09-28,2023-05-24,Australia,38,Female,Laptop,1 Month,30,696,934,1
1185,Basic,14,2022-10-06,2024-04-13,Germany,49,Male,Smart TV,1 Month,30,371,926,1
1186,Premium,13,2022-10-07,2024-04-09,France,32,Female,Smart TV,1 Month,30,375,925,1
1187,Basic,14,2022-10-09,2024-05-12,Brazil,47,Female,Smart TV,1 Month,30,342,923,1
1188,Standard,10,2022-10-10,2023-07-03,Mexico,44,Male,Tablet,1 Month,30,656,922,1
1189,Standard,12,2022-10-11,2023-08-17,Spain,33,Male,Smartphone,1 Month,30,611,921,1
1190,Basic,15,2022-10-12,2023-11-04,Italy,32,Male,Laptop,1 Month,30,532,920,1
1191,Premium,12,2022-10-13,2023-05-31,Spain,27,Female,Smartphone,1 Month,30,689,919,1
1192,Basic,11,2022-10-14,2023-08-17,Spain,37,Male,Laptop,1 Month,30,611,918,1
1193,Standard,14,2022-10-16,2023-07-07,United States,34,Male,Tablet,1 Month,30,652,916,1
1194,Premium,15,2022-10-19,2024-03-25,Canada,40,Male,Smart TV,1 Month,30,390,913,1
1195,Basic,12,2022-10-23,2022-11-25,United States,45,Female,Smart TV,1 Month,30,876,909,1
1196,Basic,13,2022-10-24,2024-09-18,United States,29,Female,Tablet,1 Month,30,213,908,1
1197,Basic,14,2022-10-25,2024-02-08,Canada,35,Male,Smart TV,1 Month,30,436,907,1
1198,Standard,10,2022-11-01,2022-12-29,United Kingdom,38,Female,Laptop,1 Month,30,842,900,1
1199,Premium,11,2022-11-02,2023-03-20,Australia,48,Female,Smart TV,1 Month,30,761,899,1
1200,Basic,12,2022-11-04,2024-08-04,Germany,36,Male,Smartphone,1 Month,30,258,897,1
1201,Basic,10,2022-11-06,2023-02-18,France,41,Male,Smart TV,1 Month,30,791,895,1
1202,Premium,15,2022-11-06,2023-04-30,Brazil,27,Male,Smart TV,1 Month,30,720,895,1
1203,Standard,12,2022-11-04,2023-04-10,Mexico,41,Male,Smart TV,1 Month,30,740,897,1
1204,Standard,13,2022-10-30,2023-01-09,Spain,42,Male,Laptop,1 Month,30,831,902,1
1205,Basic,12,2022-10-27,2023-11-16,Italy,40,Female,Laptop,1 Month,30,520,905,1
1206,Premium,13,2022-10-23,2023-01-01,Spain,32,Male,Smart TV,1 Month,30,839,909,1
1207,Standard,12,2022-10-23,2022-12-25,Spain,33,Male,Smart TV,1 Month,30,846,909,1
1208,Basic,11,2022-09-24,2022-11-09,United States,34,Male,Smartphone,1 Month,30,892,938,1
1209,Standard,11,2022-09-22,2023-03-23,Canada,29,Male,Tablet,1 Month,30,758,940,1
1210,Premium,14,2022-09-06,2023-10-18,United States,50,Male,Smart TV,1 Month,30,549,956,1
1211,Basic,10,2022-08-23,2024-05-01,United States,29,Female,Laptop,1 Month,30,353,970,1
1212,Premium,13,2022-08-21,2024-05-10,Canada,40,Female,Tablet,1 Month,30,344,972,1
1213,Standard,10,2022-08-16,2024-06-04,United Kingdom,27,Male,Smart TV,1 Month,30,319,977,1
1214,Basic,10,2022-08-09,2023-08-15,Australia,51,Female,Smartphone,1 Month,30,613,984,1
1215,Standard,13,2022-08-04,2022-09-29,Germany,41,Female,Laptop,1 Month,30,933,989,1
1216,Premium,15,2022-07-28,2023-06-09,France,28,Female,Tablet,1 Month,30,680,996,1
1217,Basic,12,2022-07-12,2024-05-17,Brazil,42,Male,Laptop,1 Month,30,337,1012,1
1218,Standard,13,2022-07-11,2023-01-24,Mexico,40,Male,Laptop,1 Month,30,816,1013,1
1219,Premium,12,2022-07-06,2024-04-05,Spain,48,Female,Smartphone,1 Month,30,379,1018,1
1220,Basic,13,2022-07-01,2023-04-24,Italy,28,Male,Smart TV,1 Month,30,726,1023,1
1221,Premium,15,2022-07-02,2023-10-29,Spain,40,Male,Smart TV,1 Month,30,538,1022,1
1222,Basic,15,2022-06-30,2023-09-03,Spain,33,Female,Tablet,1 Month,30,594,1024,1
1223,Standard,12,2022-06-30,2023-11-17,United States,33,Male,Smartphone,1 Month,30,519,1024,1
1224,Standard,15,2022-06-30,2024-04-23,Canada,47,Female,Smartphone,1 Month,30,361,1024,1
1225,Basic,13,2022-06-30,2024-02-07,United States,50,Female,Smart TV,1 Month,30,437,1024,1
1226,Premium,15,2022-06-29,2024-02-24,United States,38,Male,Smartphone,1 Month,30,420,1025,1
1227,Basic,15,2022-06-27,2022-12-03,Canada,36,Female,Tablet,1 Month,30,868,1027,1
1228,Standard,15,2022-06-26,2023-07-23,United Kingdom,38,Female,Tablet,1 Month,30,636,1028,1
1229,Premium,12,2022-06-24,2023-05-11,Australia,49,Male,Smartphone,1 Month,30,709,1030,1
1230,Basic,12,2022-06-25,2023-07-30,Germany,40,Female,Smart TV,1 Month,30,629,1029,1
1231,Premium,13,2022-06-24,2022-08-21,France,51,Male,Tablet,1 Month,30,972,1030,1
1232,Basic,11,2022-06-22,2022-12-17,Brazil,42,Female,Smartphone,1 Month,30,854,1032,1
1233,Standard,13,2022-06-23,2023-05-14,Mexico,41,Female,Smartphone,1 Month,30,706,1031,1
1234,Standard,12,2022-06-25,2022-08-04,Spain,48,Female,Smartphone,1 Month,30,989,1029,1
1235,Basic,13,2022-06-29,2023-12-22,Italy,39,Female,Tablet,1 Month,30,484,1025,1
1236,Premium,15,2022-07-01,2022-11-20,Spain,35,Female,Tablet,1 Month,30,881,1023,1
1237,Basic,11,2022-07-05,2023-02-06,Spain,32,Female,Tablet,1 Month,30,803,1019,1
1238,Standard,12,2022-07-12,2023-03-25,United States,28,Female,Smartphone,1 Month,30,756,1012,1
1239,Premium,11,2022-07-16,2023-06-20,Canada,27,Male,Laptop,1 Month,30,669,1008,1
1240,Basic,11,2022-07-20,2022-11-24,United States,30,Female,Laptop,1 Month,30,877,1004,1
1241,Premium,14,2022-07-28,2022-10-20,United States,47,Female,Laptop,1 Month,30,912,996,1
1242,Basic,14,2022-07-31,2024-05-13,Canada,49,Female,Tablet,1 Month,30,341,993,1
1243,Standard,14,2022-08-14,2024-07-07,United Kingdom,43,Female,Smartphone,1 Month,30,286,979,1
1244,Standard,12,2022-08-16,2023-10-25,Australia,42,Male,Tablet,1 Month,30,542,977,1
1245,Basic,14,2022-08-18,2022-11-24,Germany,29,Female,Smartphone,1 Month,30,877,975,1
1246,Premium,15,2022-08-27,2023-08-03,France,35,Female,Smartphone,1 Month,30,625,966,1
1247,Basic,13,2022-09-01,2023-07-16,Brazil,41,Female,Smartphone,1 Month,30,643,961,1
1248,Standard,13,2022-09-03,2024-04-02,Mexico,47,Female,Smart TV,1 Month,30,382,959,1
1249,Premium,14,2022-09-07,2023-03-03,Spain,28,Female,Smart TV,1 Month,30,778,955,1
1250,Basic,10,2022-09-08,2024-01-17,Italy,44,Female,Smartphone,1 Month,30,458,954,1
1251,Premium,10,2022-09-14,2023-06-14,Spain,28,Female,Tablet,1 Month,30,675,948,1
1252,Basic,11,2022-09-15,2024-02-17,Spain,51,Male,Laptop,1 Month,30,427,947,1
1253,Standard,11,2022-09-27,2024-03-16,United States,48,Male,Laptop,1 Month,30,399,935,1
1254,Standard,14,2022-09-30,2023-10-29,Canada,49,Female,Tablet,1 Month,30,538,932,1
1255,Basic,10,2022-10-02,2024-02-25,United States,50,Male,Smart TV,1 Month,30,419,930,1
1256,Premium,13,2022-10-03,2023-05-21,United States,43,Male,Laptop,1 Month,30,699,929,1
1257,Basic,14,2022-10-05,2023-04-06,Canada,32,Male,Smart TV,1 Month,30,744,927,1
1258,Standard,15,2022-10-10,2024-02-01,United Kingdom,42,Female,Tablet,1 Month,30,443,922,1
1259,Premium,13,2022-10-11,2024-03-24,Australia,41,Female,Laptop,1 Month,30,391,921,1
1260,Basic,11,2022-10-13,2023-01-23,Germany,31,Male,Laptop,1 Month,30,817,919,1
1261,Premium,11,2022-10-14,2023-09-04,France,37,Female,Smart TV,1 Month,30,593,918,1
1262,Basic,12,2022-10-16,2022-12-01,Brazil,46,Male,Smart TV,1 Month,30,870,916,1
1263,Standard,14,2022-10-18,2024-08-18,Mexico,30,Female,Tablet,1 Month,30,244,914,1
1264,Standard,11,2022-10-22,2023-06-25,Spain,30,Female,Smart TV,1 Month,30,664,910,1
1265,Basic,10,2022-10-24,2023-01-22,Italy,34,Female,Tablet,1 Month,30,818,908,1
1266,Premium,15,2022-10-25,2024-07-31,Spain,47,Female,Laptop,1 Month,30,262,907,1
1267,Basic,14,2022-10-29,2023-01-08,Spain,41,Male,Tablet,1 Month,30,832,903,1
1268,Standard,13,2022-11-02,2022-12-26,United States,42,Female,Laptop,1 Month,30,845,899,1
1269,Premium,12,2022-11-03,2023-01-10,Canada,48,Female,Smartphone,1 Month,30,830,898,1
1270,Basic,11,2022-11-04,2023-04-13,United States,30,Female,Smart TV,1 Month,30,737,897,1
1271,Basic,13,2022-11-05,2024-04-15,United States,51,Male,Smartphone,1 Month,30,369,896,1
1272,Basic,13,2022-11-05,2023-07-21,Canada,27,Male,Smartphone,1 Month,30,638,896,1
1273,Standard,13,2022-10-31,2023-03-17,United Kingdom,38,Male,Tablet,1 Month,30,764,901,1
1274,Premium,12,2022-10-27,2023-05-16,Australia,29,Female,Smart TV,1 Month,30,704,905,1
1275,Basic,11,2022-10-25,2024-02-01,Germany,40,Female,Smartphone,1 Month,30,443,907,1
1276,Basic,12,2022-10-26,2024-03-16,France,31,Female,Laptop,1 Month,30,399,906,1
1277,Premium,11,2022-09-30,2023-02-08,Brazil,30,Male,Smartphone,1 Month,30,801,932,1
1278,Standard,13,2022-09-27,2024-04-02,Mexico,44,Male,Laptop,1 Month,30,382,935,1
1279,Standard,14,2022-09-12,2023-07-13,Spain,34,Female,Tablet,1 Month,30,646,950,1
1280,Basic,14,2022-08-25,2024-05-28,Italy,28,Female,Laptop,1 Month,30,326,968,1
1281,Premium,13,2022-08-25,2022-11-06,Spain,41,Female,Laptop,1 Month,30,895,968,1
1282,Standard,12,2022-08-22,2022-10-07,Spain,43,Male,Tablet,1 Month,30,925,971,1
1283,Basic,10,2022-08-17,2023-08-11,United States,33,Male,Laptop,1 Month,30,617,976,1
1284,Standard,12,2022-08-09,2024-03-29,Canada,32,Female,Tablet,1 Month,30,386,984,1
1285,Premium,10,2022-08-06,2024-01-14,United States,39,Male,Smart TV,1 Month,30,461,987,1
1286,Basic,15,2022-07-17,2022-08-27,United States,37,Male,Laptop,1 Month,30,966,1007,1
1287,Premium,11,2022-07-12,2023-06-24,Canada,46,Male,Tablet,1 Month,30,665,1012,1
1288,Standard,11,2022-07-12,2024-03-24,United Kingdom,39,Male,Smartphone,1 Month,30,391,1012,1
1289,Basic,12,2022-07-02,2023-03-04,Australia,46,Female,Tablet,1 Month,30,777,1022,1
1290,Standard,13,2022-07-02,2023-07-05,Germany,43,Male,Laptop,1 Month,30,654,1022,1
1291,Premium,10,2022-06-30,2024-05-20,France,32,Female,Laptop,1 Month,30,334,1024,1
1292,Basic,12,2022-06-30,2022-10-18,Brazil,30,Female,Smart TV,1 Month,30,914,1024,1
1293,Standard,11,2022-07-01,2023-11-27,Mexico,40,Female,Tablet,1 Month,30,509,1023,1
1294,Premium,11,2022-06-30,2023-08-07,Spain,51,Female,Smartphone,1 Month,30,621,1024,1
1295,Basic,10,2022-06-29,2023-02-13,Italy,40,Female,Smartphone,1 Month,30,796,1025,1
1296,Premium,12,2022-06-30,2024-01-17,Spain,28,Male,Smart TV,1 Month,30,458,1024,1
1297,Basic,14,2022-06-29,2023-11-06,Spain,51,Female,Smartphone,1 Month,30,530,1025,1
1298,Standard,14,2022-06-26,2022-10-22,United States,27,Male,Laptop,1 Month,30,910,1028,1
1299,Standard,14,2022-06-27,2023-04-20,Canada,35,Male,Smart TV,1 Month,30,730,1027,1
1300,Basic,11,2022-06-24,2024-05-08,United States,37,Male,Laptop,1 Month,30,346,1030,1
1301,Premium,14,2022-06-23,2024-02-13,United States,51,Male,Smart TV,1 Month,30,431,1031,1
1302,Basic,11,2022-06-23,2023-11-23,Canada,40,Male,Smart TV,1 Month,30,513,1031,1
1303,Standard,14,2022-06-25,2024-01-13,United Kingdom,38,Male,Laptop,1 Month,30,462,1029,1
1304,Premium,11,2022-06-28,2022-09-12,Australia,48,Female,Laptop,1 Month,30,950,1026,1
1305,Basic,11,2022-07-01,2023-05-14,Germany,49,Male,Smartphone,1 Month,30,706,1023,1
1306,Premium,15,2022-07-02,2022-08-16,France,33,Female,Laptop,1 Month,30,977,1022,1
1307,Basic,10,2022-07-06,2023-09-09,Brazil,34,Female,Tablet,1 Month,30,588,1018,1
1308,Standard,15,2022-07-12,2022-11-04,Mexico,39,Male,Tablet,1 Month,30,897,1012,1
1309,Standard,13,2022-07-17,2023-04-22,Spain,37,Female,Tablet,1 Month,30,728,1007,1
1310,Basic,15,2022-07-23,2023-09-16,Italy,44,Male,Laptop,1 Month,30,581,1001,1
1311,Premium,15,2022-07-29,2023-07-28,Spain,35,Male,Tablet,1 Month,30,631,995,1
1312,Basic,11,2022-08-06,2024-05-25,Spain,31,Female,Laptop,1 Month,30,329,987,1
1313,Standard,10,2022-08-09,2024-02-08,United States,39,Male,Smart TV,1 Month,30,436,984,1
1314,Premium,13,2022-08-14,2023-01-27,Canada,38,Male,Tablet,1 Month,30,813,979,1
1315,Basic,11,2022-08-20,2024-01-29,United States,42,Male,Smartphone,1 Month,30,446,973,1
1316,Premium,12,2022-08-28,2024-01-16,United States,48,Female,Tablet,1 Month,30,459,965,1
1317,Basic,11,2022-09-02,2024-05-17,Canada,31,Male,Tablet,1 Month,30,337,960,1
1318,Standard,11,2022-09-04,2023-05-14,United Kingdom,42,Male,Smartphone,1 Month,30,706,958,1
1319,Standard,14,2022-09-06,2023-10-12,Australia,35,Male,Smartphone,1 Month,30,555,956,1
1320,Basic,10,2022-09-14,2023-11-19,Germany,39,Male,Laptop,1 Month,30,517,948,1
1321,Premium,13,2022-09-15,2023-12-31,France,50,Female,Tablet,1 Month,30,475,947,1
1322,Basic,11,2022-09-16,2024-02-17,Brazil,40,Male,Smartphone,1 Month,30,427,946,1
1323,Standard,10,2022-09-28,2024-07-03,Mexico,29,Male,Smartphone,1 Month,30,290,934,1
1324,Premium,10,2022-10-02,2023-07-31,Spain,48,Female,Smart TV,1 Month,30,628,930,1
1325,Basic,15,2022-10-03,2024-04-10,Italy,34,Male,Smartphone,1 Month,30,374,929,1
1326,Premium,10,2022-10-05,2023-04-11,Spain,48,Male,Smartphone,1 Month,30,739,927,1
1327,Basic,12,2022-10-07,2023-04-06,Spain,48,Male,Laptop,1 Month,30,744,925,1
1328,Standard,12,2022-10-09,2024-07-19,United States,35,Female,Tablet,1 Month,30,274,923,1
1329,Standard,11,2022-10-11,2023-05-16,Canada,29,Male,Laptop,1 Month,30,704,921,1
1330,Basic,14,2022-10-13,2023-02-17,United States,47,Female,Smart TV,1 Month,30,792,919,1
1331,Premium,12,2022-10-15,2023-03-24,United States,36,Male,Smartphone,1 Month,30,757,917,1
1332,Basic,12,2022-10-17,2023-05-05,Canada,40,Female,Smartphone,1 Month,30,715,915,1
1333,Standard,14,2022-10-21,2023-05-21,United Kingdom,51,Male,Tablet,1 Month,30,699,911,1
1334,Premium,12,2022-10-23,2023-11-20,Australia,37,Male,Smart TV,1 Month,30,516,909,1
1335,Basic,12,2022-10-24,2022-12-31,Germany,36,Male,Tablet,1 Month,30,840,908,1
1336,Premium,12,2022-10-28,2024-05-06,France,45,Male,Tablet,1 Month,30,348,904,1
1337,Basic,11,2022-10-31,2024-04-09,Brazil,31,Female,Tablet,1 Month,30,375,901,1
1338,Standard,14,2022-11-03,2024-05-01,Mexico,45,Female,Laptop,1 Month,30,353,898,1
1339,Standard,11,2022-11-04,2023-11-17,Spain,30,Male,Laptop,1 Month,30,519,897,1
1340,Basic,14,2022-11-05,2024-01-05,Italy,40,Female,Smartphone,1 Month,30,470,896,1
1341,Premium,14,2022-11-06,2023-05-15,Spain,44,Female,Smart TV,1 Month,30,705,895,1
1342,Basic,12,2022-11-01,2022-12-16,Spain,36,Female,Laptop,1 Month,30,855,900,1
1343,Standard,10,2022-11-01,2024-04-06,United States,36,Male,Tablet,1 Month,30,378,900,1
1344,Premium,11,2022-10-29,2024-01-27,Canada,32,Female,Smartphone,1 Month,30,448,903,1
1345,Basic,10,2022-10-27,2023-03-13,United States,46,Male,Smart TV,1 Month,30,768,905,1
1346,Basic,12,2022-10-16,2024-02-07,United States,39,Female,Smart TV,1 Month,30,437,916,1
1347,Basic,13,2022-10-14,2023-09-19,Canada,30,Male,Smart TV,1 Month,30,578,918,1
1348,Standard,13,2022-09-14,2023-04-01,United Kingdom,34,Male,Laptop,1 Month,30,749,948,1
1349,Premium,14,2022-09-03,2024-03-31,Australia,28,Male,Laptop,1 Month,30,384,959,1
1350,Basic,13,2022-08-27,2023-11-13,Germany,39,Female,Smartphone,1 Month,30,523,966,1
1351,Basic,12,2022-08-27,2023-06-03,France,34,Female,Laptop,1 Month,30,686,966,1
1352,Premium,13,2022-08-21,2023-02-07,Brazil,42,Male,Laptop,1 Month,30,802,972,1
1353,Standard,13,2022-08-13,2023-06-12,Mexico,29,Female,Tablet,1 Month,30,677,980,1
1354,Standard,13,2022-08-12,2023-10-31,Spain,29,Male,Tablet,1 Month,30,536,981,1
1355,Basic,12,2022-07-24,2024-04-21,Italy,30,Male,Tablet,1 Month,30,363,1000,1
1356,Premium,11,2022-07-24,2022-09-30,Spain,51,Male,Smartphone,1 Month,30,932,1000,1
1357,Standard,11,2022-07-12,2022-09-08,Spain,51,Male,Smart TV,1 Month,30,954,1012,1
1358,Basic,13,2022-07-09,2023-11-27,United States,44,Male,Tablet,1 Month,30,509,1015,1
1359,Standard,13,2022-07-09,2023-06-21,Canada,35,Male,Laptop,1 Month,30,668,1015,1
1360,Premium,10,2022-07-10,2023-04-10,United States,39,Male,Smart TV,1 Month,30,740,1014,1
1361,Basic,12,2022-07-02,2023-04-29,United States,41,Female,Laptop,1 Month,30,721,1022,1
1362,Premium,13,2022-07-02,2023-10-14,Canada,44,Female,Laptop,1 Month,30,553,1022,1
1363,Standard,11,2022-07-01,2023-03-26,United Kingdom,29,Male,Laptop,1 Month,30,755,1023,1
1364,Basic,14,2022-07-01,2023-08-11,Australia,47,Male,Tablet,1 Month,30,617,1023,1
1365,Standard,10,2022-06-30,2023-04-21,Germany,28,Female,Smartphone,1 Month,30,729,1024,1
1366,Premium,15,2022-06-29,2023-07-22,France,45,Male,Laptop,1 Month,30,637,1025,1
1367,Basic,11,2022-06-26,2023-06-30,Brazil,28,Female,Smartphone,1 Month,30,659,1028,1
1368,Standard,14,2022-06-27,2023-08-19,Mexico,31,Female,Laptop,1 Month,30,609,1027,1
1369,Premium,13,2022-06-25,2024-02-21,Spain,47,Female,Laptop,1 Month,30,423,1029,1
1370,Basic,13,2022-06-23,2022-07-25,Italy,42,Female,Tablet,1 Month,30,999,1031,1
1371,Premium,14,2022-06-24,2023-09-25,Spain,34,Female,Laptop,1 Month,30,572,1030,1
1372,Basic,12,2022-06-25,2022-12-13,Spain,40,Female,Laptop,1 Month,30,858,1029,1
1373,Standard,13,2022-06-26,2023-08-05,United States,42,Female,Laptop,1 Month,30,623,1028,1
1374,Standard,14,2022-06-27,2024-05-26,Canada,33,Male,Smart TV,1 Month,30,328,1027,1
1375,Basic,12,2022-06-30,2023-06-18,United States,30,Male,Laptop,1 Month,30,671,1024,1
1376,Premium,14,2022-07-03,2022-12-25,United States,29,Male,Tablet,1 Month,30,846,1021,1
1377,Basic,13,2022-07-09,2023-05-27,Canada,31,Male,Smart TV,1 Month,30,693,1015,1
1378,Standard,14,2022-07-17,2024-06-10,United Kingdom,46,Female,Smart TV,1 Month,30,313,1007,1
1379,Premium,11,2022-07-22,2023-10-26,Australia,46,Female,Smartphone,1 Month,30,541,1002,1
1380,Basic,11,2022-07-28,2024-04-02,Germany,47,Male,Laptop,1 Month,30,382,996,1
1381,Premium,12,2022-08-04,2023-10-06,France,48,Female,Smart TV,1 Month,30,561,989,1
1382,Basic,13,2022-08-08,2023-08-16,Brazil,32,Female,Smart TV,1 Month,30,612,985,1
1383,Standard,13,2022-08-13,2023-01-29,Mexico,51,Female,Tablet,1 Month,30,811,980,1
1384,Standard,13,2022-08-17,2023-03-21,Spain,33,Male,Smart TV,1 Month,30,760,976,1
1385,Basic,15,2022-08-20,2022-11-18,Italy,43,Male,Smartphone,1 Month,30,883,973,1
1386,Premium,14,2022-08-28,2023-10-11,Spain,43,Female,Smart TV,1 Month,30,556,965,1
1387,Basic,13,2022-08-29,2023-12-11,Spain,42,Male,Smart TV,1 Month,30,495,964,1
1388,Standard,15,2022-09-03,2023-08-17,United States,30,Male,Smartphone,1 Month,30,611,959,1
1389,Premium,13,2022-09-10,2023-08-07,Canada,50,Male,Smartphone,1 Month,30,621,952,1
1390,Basic,11,2022-09-13,2023-09-21,United States,51,Female,Laptop,1 Month,30,576,949,1
1391,Premium,14,2022-09-15,2022-10-25,United States,36,Female,Tablet,1 Month,30,907,947,1
1392,Basic,13,2022-09-25,2022-12-25,Canada,41,Female,Tablet,1 Month,30,846,937,1
1393,Standard,10,2022-10-01,2023-06-13,United Kingdom,37,Male,Smart TV,1 Month,30,676,931,1
1394,Standard,11,2022-10-02,2023-04-02,Australia,30,Female,Tablet,1 Month,30,748,930,1
1395,Basic,11,2022-10-05,2024-05-20,Germany,50,Female,Tablet,1 Month,30,334,927,1
1396,Premium,14,2022-10-06,2024-05-28,France,41,Female,Smart TV,1 Month,30,326,926,1
1397,Basic,14,2022-10-07,2024-06-11,Brazil,29,Female,Laptop,1 Month,30,312,925,1
1398,Standard,12,2022-10-10,2024-08-29,Mexico,43,Male,Smart TV,1 Month,30,233,922,1
1399,Premium,12,2022-10-12,2024-06-07,Spain,31,Female,Smart TV,1 Month,30,316,920,1
1400,Basic,14,2022-10-15,2023-09-19,Italy,40,Male,Laptop,1 Month,30,578,917,1
1401,Premium,12,2022-10-17,2023-07-16,Spain,35,Female,Smart TV,1 Month,30,643,915,1
1402,Basic,13,2022-10-21,2024-03-26,Spain,39,Female,Laptop,1 Month,30,389,911,1
1403,Standard,14,2022-10-23,2023-11-22,United States,48,Male,Laptop,1 Month,30,514,909,1
1404,Standard,14,2022-10-24,2023-10-18,Canada,42,Female,Tablet,1 Month,30,549,908,1
1405,Basic,11,2022-10-27,2023-03-12,United States,48,Female,Smart TV,1 Month,30,769,905,1
1406,Premium,10,2022-10-30,2023-07-12,United States,33,Female,Smart TV,1 Month,30,647,902,1
1407,Basic,14,2022-10-31,2023-07-05,Canada,45,Female,Smart TV,1 Month,30,654,901,1
1408,Standard,14,2022-11-03,2024-04-21,United Kingdom,40,Female,Smart TV,1 Month,30,363,898,1
1409,Premium,15,2022-11-05,2023-08-20,Australia,38,Male,Tablet,1 Month,30,608,896,1
1410,Basic,14,2022-11-06,2024-05-05,Germany,31,Female,Tablet,1 Month,30,349,895,1
1411,Premium,14,2022-11-01,2023-01-23,France,33,Female,Smart TV,1 Month,30,817,900,1
1412,Basic,15,2022-11-02,2023-01-17,Brazil,27,Male,Laptop,1 Month,30,823,899,1
1413,Standard,13,2022-11-02,2024-05-05,Mexico,47,Male,Smartphone,1 Month,30,349,899,1
1414,Standard,15,2022-11-01,2023-03-09,Spain,41,Male,Tablet,1 Month,30,772,900,1
1415,Basic,11,2022-10-17,2022-12-05,Italy,32,Female,Smart TV,1 Month,30,866,915,1
1416,Premium,11,2022-10-18,2024-06-11,Spain,31,Male,Smart TV,1 Month,30,312,914,1
1417,Basic,13,2022-09-28,2024-02-29,Spain,43,Female,Tablet,1 Month,30,415,934,1
1418,Standard,15,2022-09-23,2023-12-15,United States,42,Female,Smart TV,1 Month,30,491,939,1
1419,Premium,15,2022-09-22,2022-12-22,Canada,46,Male,Smartphone,1 Month,30,849,940,1
1420,Basic,12,2022-08-31,2023-02-21,United States,27,Female,Smartphone,1 Month,30,788,962,1
1421,Basic,15,2022-08-28,2023-04-30,United States,48,Female,Smart TV,1 Month,30,720,965,1
1422,Basic,15,2022-08-27,2022-09-28,Canada,49,Male,Laptop,1 Month,30,934,966,1
1423,Standard,12,2022-08-17,2023-02-22,United Kingdom,43,Male,Smart TV,1 Month,30,787,976,1
1424,Premium,14,2022-08-09,2023-01-05,Australia,38,Male,Laptop,1 Month,30,835,984,1
1425,Basic,13,2022-07-24,2022-11-19,Germany,37,Male,Smartphone,1 Month,30,882,1000,1
1426,Basic,12,2022-07-16,2023-07-09,France,39,Female,Smart TV,1 Month,30,650,1008,1
1427,Premium,10,2022-07-15,2024-03-15,Brazil,40,Male,Tablet,1 Month,30,400,1009,1
1428,Standard,12,2022-07-12,2023-08-02,Mexico,40,Male,Smart TV,1 Month,30,626,1012,1
1429,Standard,12,2022-07-12,2024-04-11,Spain,48,Male,Laptop,1 Month,30,373,1012,1
1430,Basic,13,2022-07-09,2023-05-01,Italy,43,Female,Smart TV,1 Month,30,719,1015,1
1431,Premium,10,2022-07-05,2024-04-11,Spain,46,Male,Laptop,1 Month,30,373,1019,1
1432,Standard,11,2022-07-05,2023-06-22,Spain,43,Male,Smartphone,1 Month,30,667,1019,1
1433,Basic,10,2022-07-03,2024-04-27,United States,30,Female,Tablet,1 Month,30,357,1021,1
1434,Standard,13,2022-07-01,2024-01-22,Canada,51,Female,Laptop,1 Month,30,453,1023,1
1435,Premium,12,2022-06-30,2024-05-08,United States,30,Male,Smartphone,1 Month,30,346,1024,1
1436,Basic,14,2022-06-27,2023-02-06,United States,47,Female,Smart TV,1 Month,30,803,1027,1
1437,Premium,13,2022-06-28,2023-06-24,Canada,41,Male,Laptop,1 Month,30,665,1026,1
1438,Standard,10,2022-06-28,2023-01-13,United Kingdom,45,Female,Smartphone,1 Month,30,827,1026,1
1439,Basic,14,2022-06-24,2023-12-26,Australia,47,Female,Laptop,1 Month,30,480,1030,1
1440,Standard,11,2022-06-24,2023-10-29,Germany,48,Female,Smart TV,1 Month,30,538,1030,1
1441,Premium,11,2022-06-25,2022-09-02,France,51,Female,Tablet,1 Month,30,960,1029,1
1442,Basic,10,2022-06-26,2024-01-13,Brazil,29,Male,Smart TV,1 Month,30,462,1028,1
1443,Standard,13,2022-06-27,2023-04-13,Mexico,43,Female,Laptop,1 Month,30,737,1027,1
1444,Premium,13,2022-06-29,2023-08-27,Spain,49,Female,Tablet,1 Month,30,601,1025,1
1445,Basic,11,2022-07-02,2023-03-14,Italy,37,Male,Smartphone,1 Month,30,767,1022,1
1446,Premium,13,2022-07-07,2022-12-07,Spain,48,Male,Tablet,1 Month,30,864,1017,1
1447,Basic,11,2022-07-13,2022-09-18,Spain,36,Female,Tablet,1 Month,30,944,1011,1
1448,Standard,14,2022-07-18,2023-07-10,United States,33,Female,Laptop,1 Month,30,649,1006,1
1449,Standard,14,2022-07-24,2023-04-30,Canada,38,Female,Laptop,1 Month,30,720,1000,1
1450,Basic,12,2022-07-31,2023-02-21,United States,42,Female,Smartphone,1 Month,30,788,993,1
1451,Premium,15,2022-08-01,2024-04-23,United States,30,Female,Tablet,1 Month,30,361,992,1
1452,Basic,10,2022-08-08,2023-12-04,Canada,39,Male,Smart TV,1 Month,30,502,985,1
1453,Standard,14,2022-08-13,2022-10-18,United Kingdom,36,Male,Smartphone,1 Month,30,914,980,1
1454,Premium,11,2022-08-14,2023-07-25,Australia,27,Female,Smartphone,1 Month,30,634,979,1
1455,Basic,11,2022-08-23,2024-05-06,Germany,49,Male,Smart TV,1 Month,30,348,970,1
1456,Premium,14,2022-08-27,2023-01-17,France,31,Male,Laptop,1 Month,30,823,966,1
1457,Basic,10,2022-08-31,2022-11-08,Brazil,36,Male,Laptop,1 Month,30,893,962,1
1458,Standard,14,2022-09-09,2023-08-05,Mexico,41,Female,Tablet,1 Month,30,623,953,1
1459,Standard,10,2022-09-10,2023-05-21,Spain,45,Female,Laptop,1 Month,30,699,952,1
1460,Basic,14,2022-09-12,2023-08-25,Italy,45,Male,Smart TV,1 Month,30,603,950,1
1461,Premium,11,2022-09-17,2023-09-30,Spain,32,Male,Smart TV,1 Month,30,567,945,1
1462,Basic,13,2022-09-21,2023-02-12,Spain,41,Female,Smartphone,1 Month,30,797,941,1
1463,Standard,11,2022-10-02,2023-09-19,United States,37,Male,Smart TV,1 Month,30,578,930,1
1464,Premium,10,2022-10-04,2024-05-23,Canada,27,Male,Laptop,1 Month,30,331,928,1
1465,Basic,14,2022-10-06,2022-12-14,United States,41,Male,Laptop,1 Month,30,857,926,1
1466,Premium,13,2022-10-07,2022-12-15,United States,30,Female,Smart TV,1 Month,30,856,925,1
1467,Basic,12,2022-10-08,2023-08-22,Canada,43,Male,Smartphone,1 Month,30,606,924,1
1468,Standard,12,2022-10-11,2023-07-29,United Kingdom,51,Male,Laptop,1 Month,30,630,921,1
1469,Standard,12,2022-10-13,2023-06-15,Australia,46,Female,Smart TV,1 Month,30,674,919,1
1470,Basic,10,2022-10-15,2023-04-09,Germany,27,Female,Tablet,1 Month,30,741,917,1
1471,Premium,10,2022-10-19,2023-10-19,France,51,Female,Smartphone,1 Month,30,548,913,1
1472,Basic,14,2022-10-21,2023-05-06,Brazil,28,Female,Laptop,1 Month,30,714,911,1
1473,Standard,14,2022-10-23,2023-02-21,Mexico,33,Male,Smartphone,1 Month,30,788,909,1
1474,Premium,12,2022-10-26,2023-11-12,Spain,31,Female,Laptop,1 Month,30,524,906,1
1475,Basic,13,2022-10-27,2024-06-18,Italy,47,Male,Laptop,1 Month,30,305,905,1
1476,Premium,10,2022-10-31,2024-06-22,Spain,45,Female,Tablet,1 Month,30,301,901,1
1477,Basic,13,2022-11-03,2023-11-30,Spain,42,Male,Smart TV,1 Month,30,506,898,1
1478,Standard,15,2022-11-05,2024-06-13,United States,47,Female,Smart TV,1 Month,30,310,896,1
1479,Standard,12,2022-11-06,2023-11-15,Canada,29,Female,Smart TV,1 Month,30,521,895,1
1480,Basic,13,2022-11-03,2023-05-21,United States,49,Female,Laptop,1 Month,30,699,898,1
1481,Premium,14,2022-11-03,2023-11-23,United States,41,Female,Laptop,1 Month,30,513,898,1
1482,Basic,13,2022-11-04,2023-06-12,Canada,45,Male,Smartphone,1 Month,30,677,897,1
1483,Standard,14,2022-11-02,2024-09-28,United Kingdom,49,Male,Smart TV,1 Month,30,203,899,1
1484,Premium,13,2022-10-27,2024-01-21,Australia,41,Male,Smart TV,1 Month,30,454,905,1
1485,Basic,15,2022-10-27,2022-12-02,Germany,37,Male,Laptop,1 Month,30,869,905,1
1486,Premium,14,2022-10-15,2023-03-26,France,31,Male,Smartphone,1 Month,30,755,917,1
1487,Basic,13,2022-10-03,2024-05-11,Brazil,29,Male,Smartphone,1 Month,30,343,929,1
1488,Standard,10,2022-09-25,2022-11-24,Mexico,51,Female,Smart TV,1 Month,30,877,937,1
1489,Standard,12,2022-09-16,2024-04-02,Spain,33,Male,Smart TV,1 Month,30,382,946,1
1490,Basic,12,2022-09-14,2023-12-13,Italy,31,Male,Smartphone,1 Month,30,493,948,1
1491,Premium,11,2022-09-11,2023-11-08,Spain,42,Female,Laptop,1 Month,30,528,951,1
1492,Basic,15,2022-09-09,2023-10-06,Spain,48,Female,Laptop,1 Month,30,561,953,1
1493,Standard,13,2022-08-12,2023-11-21,United States,37,Female,Laptop,1 Month,30,515,981,1
1494,Premium,13,2022-08-04,2024-07-03,Canada,51,Female,Smartphone,1 Month,30,290,989,1
1495,Basic,12,2022-08-04,2024-03-06,United States,29,Female,Tablet,1 Month,30,409,989,1
1496,Basic,13,2022-07-31,2022-11-19,United States,46,Male,Tablet,1 Month,30,882,993,1
1497,Basic,15,2022-07-29,2023-08-18,Canada,35,Male,Smart TV,1 Month,30,610,995,1
1498,Standard,15,2022-07-14,2023-04-27,United Kingdom,44,Female,Smartphone,1 Month,30,723,1010,1
1499,Premium,12,2022-07-13,2024-03-22,Australia,36,Male,Smart TV,1 Month,30,393,1011,1
1500,Basic,14,2022-07-11,2024-01-15,Germany,38,Female,Tablet,1 Month,30,460,1013,1
1501,Basic,12,2022-07-12,2023-06-01,France,36,Male,Smart TV,1 Month,30,688,1012,1
1502,Premium,14,2022-07-11,2023-03-21,Brazil,40,Female,Laptop,1 Month,30,760,1013,1
1503,Standard,10,2022-07-02,2024-01-07,Mexico,29,Male,Laptop,1 Month,30,468,1022,1
1504,Standard,11,2022-06-30,2022-09-13,Spain,32,Male,Smart TV,1 Month,30,949,1024,1
1505,Basic,12,2022-06-30,2024-05-26,Italy,30,Male,Laptop,1 Month,30,328,1024,1
1506,Premium,10,2022-06-29,2022-11-18,Spain,47,Male,Smartphone,1 Month,30,883,1025,1
1507,Standard,15,2022-06-30,2023-03-19,Spain,28,Female,Tablet,1 Month,30,762,1024,1
1508,Basic,11,2022-06-24,2022-08-09,United States,49,Male,Laptop,1 Month,30,984,1030,1
1509,Standard,12,2022-06-25,2023-07-19,Canada,50,Male,Smartphone,1 Month,30,640,1029,1
1510,Premium,11,2022-06-25,2023-03-04,United States,33,Male,Smart TV,1 Month,30,777,1029,1
1511,Basic,13,2022-06-26,2023-10-16,United States,50,Male,Smart TV,1 Month,30,551,1028,1
1512,Premium,10,2022-06-27,2023-07-26,Canada,28,Female,Smart TV,1 Month,30,633,1027,1
1513,Standard,12,2022-06-29,2023-06-19,United Kingdom,41,Male,Smartphone,1 Month,30,670,1025,1
1514,Basic,12,2022-07-01,2023-11-09,Australia,30,Female,Smartphone,1 Month,30,527,1023,1
1515,Standard,10,2022-07-03,2023-09-19,Germany,32,Male,Smart TV,1 Month,30,578,1021,1
1516,Premium,15,2022-07-12,2023-11-08,France,50,Male,Laptop,1 Month,30,528,1012,1
1517,Basic,11,2022-07-15,2024-03-21,Brazil,28,Female,Smart TV,1 Month,30,394,1009,1
1518,Standard,13,2022-07-19,2023-04-07,Mexico,45,Male,Smart TV,1 Month,30,743,1005,1
1519,Premium,14,2022-07-27,2023-04-06,Spain,31,Male,Tablet,1 Month,30,744,997,1
1520,Basic,11,2022-07-29,2023-10-13,Italy,27,Female,Smartphone,1 Month,30,554,995,1
1521,Premium,11,2022-08-06,2024-03-29,Spain,49,Male,Tablet,1 Month,30,386,987,1
1522,Basic,10,2022-08-13,2023-08-12,Spain,32,Female,Laptop,1 Month,30,616,980,1
1523,Standard,13,2022-08-14,2023-04-22,United States,38,Male,Smart TV,1 Month,30,728,979,1
1524,Standard,11,2022-08-20,2022-10-25,Canada,39,Male,Smartphone,1 Month,30,907,973,1
1525,Basic,14,2022-08-24,2023-06-27,United States,50,Female,Tablet,1 Month,30,662,969,1
1526,Premium,10,2022-08-28,2023-04-10,United States,51,Male,Tablet,1 Month,30,740,965,1
1527,Basic,15,2022-09-05,2024-01-31,Canada,32,Female,Smart TV,1 Month,30,444,957,1
1528,Standard,12,2022-09-10,2023-06-08,United Kingdom,45,Female,Smart TV,1 Month,30,681,952,1
1529,Premium,12,2022-09-11,2023-08-30,Australia,31,Female,Laptop,1 Month,30,598,951,1
1530,Basic,12,2022-09-14,2023-04-23,Germany,44,Male,Smartphone,1 Month,30,727,948,1
1531,Premium,12,2022-09-21,2022-11-06,France,30,Female,Tablet,1 Month,30,895,941,1
1532,Basic,13,2022-09-26,2024-04-01,Brazil,44,Female,Tablet,1 Month,30,383,936,1
1533,Standard,10,2022-09-30,2023-12-04,Mexico,37,Male,Tablet,1 Month,30,502,932,1
1534,Standard,14,2022-10-02,2022-11-22,Spain,30,Female,Tablet,1 Month,30,879,930,1
1535,Basic,12,2022-10-06,2024-02-21,Italy,31,Female,Smart TV,1 Month,30,423,926,1
1536,Premium,15,2022-10-07,2023-03-05,Spain,31,Female,Laptop,1 Month,30,776,925,1
1537,Basic,15,2022-10-09,2023-06-05,Spain,44,Male,Tablet,1 Month,30,684,923,1
1538,Standard,10,2022-10-11,2023-09-11,United States,44,Female,Smart TV,1 Month,30,586,921,1
1539,Premium,14,2022-10-12,2023-08-07,Canada,34,Male,Laptop,1 Month,30,621,920,1
1540,Basic,12,2022-10-16,2023-08-26,United States,42,Male,Laptop,1 Month,30,602,916,1
1541,Premium,15,2022-10-17,2023-06-30,United States,33,Male,Smartphone,1 Month,30,659,915,1
1542,Basic,11,2022-10-21,2023-12-05,Canada,35,Male,Smart TV,1 Month,30,501,911,1
1543,Standard,15,2022-10-23,2024-02-24,United Kingdom,34,Female,Laptop,1 Month,30,420,909,1
1544,Standard,14,2022-10-25,2022-11-30,Australia,47,Male,Tablet,1 Month,30,871,907,1
1545,Basic,13,2022-10-27,2022-12-24,Germany,43,Female,Laptop,1 Month,30,847,905,1
1546,Premium,13,2022-10-29,2022-12-30,France,43,Male,Smart TV,1 Month,30,841,903,1
1547,Basic,13,2022-11-01,2024-09-06,Brazil,35,Female,Smartphone,1 Month,30,225,900,1
1548,Standard,13,2022-11-04,2023-02-20,Mexico,39,Male,Tablet,1 Month,30,789,897,1
1549,Premium,10,2022-11-04,2024-03-06,Spain,39,Male,Tablet,1 Month,30,409,897,1
1550,Basic,11,2022-11-04,2024-06-25,Italy,49,Female,Smart TV,1 Month,30,298,897,1
1551,Premium,14,2022-11-05,2024-05-25,Spain,30,Male,Tablet,1 Month,30,329,896,1
1552,Basic,12,2022-11-02,2024-03-27,Spain,31,Female,Tablet,1 Month,30,388,899,1
1553,Standard,12,2022-11-03,2024-02-05,United States,39,Male,Tablet,1 Month,30,439,898,1
1554,Standard,14,2022-10-30,2023-09-09,Canada,30,Female,Laptop,1 Month,30,588,902,1
1555,Basic,13,2022-10-31,2024-04-28,United States,43,Female,Smartphone,1 Month,30,356,901,1
1556,Premium,10,2022-10-14,2023-02-19,United States,29,Female,Smartphone,1 Month,30,790,918,1
1557,Basic,14,2022-09-26,2023-11-26,Canada,46,Male,Smart TV,1 Month,30,510,936,1
1558,Standard,15,2022-09-17,2024-02-17,United Kingdom,35,Male,Smartphone,1 Month,30,427,945,1
1559,Premium,12,2022-09-16,2022-11-23,Australia,30,Male,Tablet,1 Month,30,878,946,1
1560,Basic,12,2022-09-12,2023-07-09,Germany,39,Female,Smart TV,1 Month,30,650,950,1
1561,Premium,14,2022-09-12,2023-03-17,France,41,Male,Laptop,1 Month,30,764,950,1
1562,Basic,12,2022-08-29,2022-12-11,Brazil,27,Male,Smartphone,1 Month,30,860,964,1
1563,Standard,15,2022-08-25,2023-01-31,Mexico,42,Male,Laptop,1 Month,30,809,968,1
1564,Standard,11,2022-08-15,2022-12-06,Spain,45,Female,Tablet,1 Month,30,865,978,1
1565,Basic,10,2022-08-11,2022-10-01,Italy,36,Female,Smart TV,1 Month,30,931,982,1
1566,Premium,12,2022-08-10,2023-12-11,Spain,35,Male,Laptop,1 Month,30,495,983,1
1567,Basic,13,2022-07-26,2024-02-14,Spain,38,Male,Smartphone,1 Month,30,430,998,1
1568,Standard,14,2022-07-19,2023-09-03,United States,41,Female,Smart TV,1 Month,30,594,1005,1
1569,Premium,10,2022-07-17,2023-10-29,Canada,43,Male,Tablet,1 Month,30,538,1007,1
1570,Basic,13,2022-07-17,2024-04-10,United States,44,Male,Tablet,1 Month,30,374,1007,1
1571,Basic,10,2022-07-17,2022-09-05,United States,35,Male,Tablet,1 Month,30,957,1007,1
1572,Basic,13,2022-07-11,2023-06-08,Canada,39,Male,Laptop,1 Month,30,681,1013,1
1573,Standard,15,2022-07-07,2022-10-28,United Kingdom,43,Male,Smart TV,1 Month,30,904,1017,1
1574,Premium,10,2022-07-07,2024-05-25,Australia,36,Male,Smart TV,1 Month,30,329,1017,1
1575,Basic,11,2022-07-08,2023-11-02,Germany,49,Female,Laptop,1 Month,30,534,1016,1
1576,Basic,12,2022-07-06,2023-08-26,France,29,Female,Smartphone,1 Month,30,602,1018,1
1577,Premium,10,2022-07-03,2023-12-21,Brazil,45,Male,Tablet,1 Month,30,485,1021,1
1578,Standard,11,2022-06-30,2023-04-12,Mexico,44,Female,Laptop,1 Month,30,738,1024,1
1579,Standard,11,2022-06-27,2024-02-16,Spain,40,Female,Smart TV,1 Month,30,428,1027,1
1580,Basic,15,2022-06-26,2024-01-03,Italy,51,Female,Smart TV,1 Month,30,472,1028,1
1581,Premium,15,2022-06-27,2023-01-04,Spain,30,Female,Smart TV,1 Month,30,836,1027,1
1582,Standard,14,2022-06-28,2023-01-06,Spain,50,Male,Smart TV,1 Month,30,834,1026,1
1583,Basic,12,2022-06-30,2024-01-04,United States,39,Male,Tablet,1 Month,30,471,1024,1
1584,Standard,11,2022-07-02,2023-04-28,Canada,51,Male,Tablet,1 Month,30,722,1022,1
1585,Premium,10,2022-07-05,2023-12-08,United States,42,Male,Laptop,1 Month,30,498,1019,1
1586,Basic,12,2022-07-11,2023-03-05,United States,34,Female,Tablet,1 Month,30,776,1013,1
1587,Premium,12,2022-07-18,2024-02-06,Canada,28,Male,Tablet,1 Month,30,438,1006,1
1588,Standard,15,2022-07-25,2024-03-29,United Kingdom,43,Male,Tablet,1 Month,30,386,999,1
1589,Basic,11,2022-07-28,2022-10-25,Australia,27,Female,Tablet,1 Month,30,907,996,1
1590,Standard,13,2022-08-05,2023-11-07,Germany,49,Female,Smart TV,1 Month,30,529,988,1
1591,Premium,14,2022-08-09,2024-06-25,France,35,Female,Laptop,1 Month,30,298,984,1
1592,Basic,10,2022-08-14,2024-05-09,Brazil,34,Male,Tablet,1 Month,30,345,979,1
1593,Standard,14,2022-08-15,2023-07-19,Mexico,28,Male,Smartphone,1 Month,30,640,978,1
1594,Premium,15,2022-08-16,2024-02-16,Spain,49,Female,Tablet,1 Month,30,428,977,1
1595,Basic,12,2022-08-25,2024-05-06,Italy,51,Female,Tablet,1 Month,30,348,968,1
1596,Premium,13,2022-08-27,2022-10-22,Spain,36,Male,Laptop,1 Month,30,910,966,1
1597,Basic,13,2022-09-06,2024-04-19,Spain,37,Male,Smart TV,1 Month,30,365,956,1
1598,Standard,11,2022-09-08,2023-04-24,United States,48,Male,Laptop,1 Month,30,726,954,1
1599,Standard,13,2022-09-13,2023-11-03,Canada,45,Female,Smart TV,1 Month,30,533,949,1
1600,Basic,11,2022-09-15,2023-09-28,United States,39,Male,Tablet,1 Month,30,569,947,1
1601,Premium,14,2022-09-19,2024-04-06,United States,39,Male,Smartphone,1 Month,30,378,943,1
1602,Basic,15,2022-09-22,2023-11-03,Canada,46,Female,Smart TV,1 Month,30,533,940,1
1603,Standard,13,2022-09-24,2024-05-03,United Kingdom,30,Female,Smartphone,1 Month,30,351,938,1
1604,Premium,10,2022-09-30,2024-04-08,Australia,32,Female,Smartphone,1 Month,30,376,932,1
1605,Basic,11,2022-10-03,2023-04-03,Germany,39,Male,Laptop,1 Month,30,747,929,1
1606,Premium,15,2022-10-08,2023-05-31,France,35,Female,Smartphone,1 Month,30,689,924,1
1607,Basic,15,2022-10-09,2024-02-05,Brazil,41,Female,Smartphone,1 Month,30,439,923,1
1608,Standard,11,2022-10-12,2023-08-10,Mexico,32,Female,Smart TV,1 Month,30,618,920,1
1609,Standard,14,2022-10-15,2023-07-07,Spain,41,Female,Smart TV,1 Month,30,652,917,1
1610,Basic,14,2022-10-17,2024-04-19,Italy,36,Female,Smart TV,1 Month,30,365,915,1
1611,Premium,15,2022-10-19,2024-04-01,Spain,49,Male,Laptop,1 Month,30,383,913,1
1612,Basic,11,2022-10-22,2023-03-17,Spain,30,Female,Smartphone,1 Month,30,764,910,1
1613,Standard,15,2022-10-23,2023-12-12,United States,40,Female,Smartphone,1 Month,30,494,909,1
1614,Premium,13,2022-10-27,2023-11-04,Canada,46,Female,Tablet,1 Month,30,532,905,1
1615,Basic,11,2022-10-28,2024-07-02,United States,30,Female,Smart TV,1 Month,30,291,904,1
1616,Premium,10,2022-11-01,2023-12-30,United States,48,Male,Laptop,1 Month,30,476,900,1
1617,Basic,11,2022-11-04,2023-02-05,Canada,50,Male,Tablet,1 Month,30,804,897,1
1618,Standard,11,2022-11-05,2023-02-14,United Kingdom,27,Male,Smart TV,1 Month,30,795,896,1
1619,Standard,14,2022-11-04,2023-09-03,Australia,51,Female,Laptop,1 Month,30,594,897,1
1620,Basic,11,2022-11-05,2023-10-20,Germany,38,Male,Smartphone,1 Month,30,547,896,1
1621,Premium,10,2022-11-04,2023-11-06,France,39,Male,Laptop,1 Month,30,530,897,1
1622,Basic,12,2022-11-05,2023-12-05,Brazil,45,Female,Smart TV,1 Month,30,501,896,1
1623,Standard,12,2022-11-03,2024-04-10,Mexico,29,Male,Laptop,1 Month,30,374,898,1
1624,Premium,13,2022-10-31,2024-07-28,Spain,35,Male,Smartphone,1 Month,30,265,901,1
1625,Basic,10,2022-10-26,2023-05-09,Italy,51,Female,Smart TV,1 Month,30,711,906,1
1626,Premium,11,2022-10-16,2024-05-11,Spain,51,Male,Smart TV,1 Month,30,343,916,1
1627,Basic,15,2022-10-16,2022-11-25,Spain,42,Female,Smartphone,1 Month,30,876,916,1
1628,Standard,13,2022-09-17,2023-08-13,United States,48,Female,Laptop,1 Month,30,615,945,1
1629,Standard,14,2022-09-12,2023-01-21,Canada,40,Male,Smart TV,1 Month,30,819,950,1
1630,Basic,13,2022-09-13,2023-12-11,United States,39,Male,Smart TV,1 Month,30,495,949,1
1631,Premium,14,2022-09-09,2023-11-04,United States,44,Male,Laptop,1 Month,30,532,953,1
1632,Basic,14,2022-09-03,2023-05-04,Canada,27,Female,Laptop,1 Month,30,716,959,1
1633,Standard,11,2022-08-31,2022-12-26,United Kingdom,35,Male,Tablet,1 Month,30,845,962,1
1634,Premium,14,2022-08-25,2024-03-29,Australia,45,Male,Smart TV,1 Month,30,386,968,1
1635,Basic,12,2022-08-15,2023-10-19,Germany,33,Male,Tablet,1 Month,30,548,978,1
1636,Premium,10,2022-08-16,2024-04-24,France,32,Female,Smart TV,1 Month,30,360,977,1
1637,Basic,11,2022-07-28,2022-10-11,Brazil,51,Female,Laptop,1 Month,30,921,996,1
1638,Standard,10,2022-07-28,2023-12-02,Mexico,40,Female,Tablet,1 Month,30,504,996,1
1639,Standard,15,2022-07-22,2024-04-03,Spain,47,Male,Laptop,1 Month,30,381,1002,1
1640,Basic,13,2022-07-19,2023-06-23,Italy,42,Male,Smart TV,1 Month,30,666,1005,1
1641,Premium,10,2022-07-16,2022-11-08,Spain,41,Male,Tablet,1 Month,30,893,1008,1
1642,Basic,12,2022-07-15,2022-11-13,Spain,43,Male,Tablet,1 Month,30,888,1009,1
1643,Standard,11,2022-07-16,2024-06-04,United States,42,Female,Tablet,1 Month,30,319,1008,1
1644,Premium,14,2022-07-09,2023-04-06,Canada,28,Male,Smartphone,1 Month,30,744,1015,1
1645,Basic,12,2022-07-07,2022-08-07,United States,40,Female,Laptop,1 Month,30,986,1017,1
1646,Basic,15,2022-07-07,2023-03-18,United States,46,Female,Tablet,1 Month,30,763,1017,1
1647,Basic,11,2022-07-06,2024-03-15,Canada,39,Female,Laptop,1 Month,30,400,1018,1
1648,Standard,15,2022-06-30,2022-11-22,United Kingdom,41,Female,Smartphone,1 Month,30,879,1024,1
1649,Premium,15,2022-06-27,2024-05-22,Australia,30,Male,Tablet,1 Month,30,332,1027,1
1650,Basic,14,2022-06-28,2022-11-07,Germany,32,Male,Tablet,1 Month,30,894,1026,1
1651,Basic,14,2022-06-28,2023-02-06,France,38,Male,Smart TV,1 Month,30,803,1026,1
1652,Premium,11,2022-06-29,2023-01-10,Brazil,38,Male,Tablet,1 Month,30,830,1025,1
1653,Standard,13,2022-07-01,2022-10-28,Mexico,32,Male,Smartphone,1 Month,30,904,1023,1
1654,Standard,14,2022-07-03,2022-12-01,Spain,27,Male,Tablet,1 Month,30,870,1021,1
1655,Basic,15,2022-07-04,2022-12-23,Italy,50,Female,Tablet,1 Month,30,848,1020,1
1656,Premium,10,2022-07-10,2022-11-22,Spain,30,Male,Smartphone,1 Month,30,879,1014,1
1657,Standard,11,2022-07-23,2023-10-23,Spain,49,Male,Smartphone,1 Month,30,544,1001,1
1658,Basic,11,2022-07-24,2023-06-23,United States,32,Female,Laptop,1 Month,30,666,1000,1
1659,Standard,14,2022-07-26,2023-07-07,Canada,35,Male,Smartphone,1 Month,30,652,998,1
1660,Premium,12,2022-08-07,2024-06-01,United States,44,Male,Tablet,1 Month,30,322,986,1
1661,Basic,13,2022-08-10,2022-09-17,United States,49,Female,Laptop,1 Month,30,945,983,1
1662,Premium,13,2022-08-14,2022-11-24,Canada,39,Male,Smartphone,1 Month,30,877,979,1
1663,Standard,12,2022-08-16,2023-09-08,United Kingdom,38,Female,Smartphone,1 Month,30,589,977,1
1664,Basic,10,2022-08-20,2023-04-29,Australia,38,Female,Laptop,1 Month,30,721,973,1
1665,Standard,11,2022-08-25,2023-11-13,Germany,37,Male,Smartphone,1 Month,30,523,968,1
1666,Premium,11,2022-08-28,2024-04-01,France,28,Male,Laptop,1 Month,30,383,965,1
1667,Basic,11,2022-09-05,2023-10-09,Brazil,49,Male,Tablet,1 Month,30,558,957,1
1668,Standard,13,2022-09-08,2023-06-28,Mexico,33,Female,Tablet,1 Month,30,661,954,1
1669,Premium,10,2022-09-14,2023-08-27,Spain,48,Male,Tablet,1 Month,30,601,948,1
1670,Basic,13,2022-09-16,2023-01-07,Italy,34,Male,Tablet,1 Month,30,833,946,1
1671,Premium,13,2022-09-19,2023-09-01,Spain,39,Female,Smartphone,1 Month,30,596,943,1
1672,Basic,15,2022-09-23,2023-02-10,Spain,30,Male,Tablet,1 Month,30,799,939,1
1673,Standard,10,2022-09-29,2023-07-06,United States,37,Male,Tablet,1 Month,30,653,933,1
1674,Standard,10,2022-10-02,2023-11-18,Canada,38,Male,Smart TV,1 Month,30,518,930,1
1675,Basic,12,2022-10-08,2022-11-13,United States,42,Female,Laptop,1 Month,30,888,924,1
1676,Premium,15,2022-10-09,2024-02-09,United States,35,Female,Laptop,1 Month,30,435,923,1
1677,Basic,14,2022-10-11,2023-02-01,Canada,30,Male,Tablet,1 Month,30,808,921,1
1678,Standard,15,2022-10-14,2023-06-08,United Kingdom,48,Female,Smart TV,1 Month,30,681,918,1
1679,Premium,14,2022-10-16,2023-12-09,Australia,48,Male,Tablet,1 Month,30,497,916,1
1680,Basic,13,2022-10-18,2023-09-26,Germany,32,Male,Laptop,1 Month,30,571,914,1
1681,Premium,15,2022-10-22,2022-12-12,France,27,Male,Smart TV,1 Month,30,859,910,1
1682,Basic,10,2022-10-23,2024-01-05,Brazil,48,Female,Laptop,1 Month,30,470,909,1
1683,Standard,12,2022-10-26,2024-04-22,Mexico,33,Male,Laptop,1 Month,30,362,906,1
1684,Standard,13,2022-10-27,2023-04-01,Spain,28,Male,Smartphone,1 Month,30,749,905,1
1685,Basic,15,2022-10-31,2022-12-13,Italy,46,Male,Laptop,1 Month,30,858,901,1
1686,Premium,11,2022-11-01,2022-12-12,Spain,40,Male,Laptop,1 Month,30,859,900,1
1687,Basic,13,2022-11-03,2023-02-27,Spain,49,Male,Smartphone,1 Month,30,782,898,1
1688,Standard,14,2022-11-04,2024-05-10,United States,41,Female,Tablet,1 Month,30,344,897,1
1689,Premium,13,2022-11-05,2024-05-24,Canada,38,Male,Tablet,1 Month,30,330,896,1
1690,Basic,13,2022-11-05,2023-10-01,United States,42,Female,Laptop,1 Month,30,566,896,1
1691,Premium,13,2022-11-05,2023-08-04,United States,27,Female,Smart TV,1 Month,30,624,896,1
1692,Basic,12,2022-11-05,2023-04-05,Canada,41,Female,Tablet,1 Month,30,745,896,1
1693,Standard,13,2022-11-03,2023-04-28,United Kingdom,41,Female,Tablet,1 Month,30,722,898,1
1694,Standard,11,2022-10-27,2024-06-14,Australia,49,Male,Laptop,1 Month,30,309,905,1
1695,Basic,14,2022-10-24,2023-11-13,Germany,28,Female,Smartphone,1 Month,30,523,908,1
1696,Premium,13,2022-10-17,2024-08-07,France,44,Male,Laptop,1 Month,30,255,915,1
1697,Basic,11,2022-10-06,2023-09-09,Brazil,47,Female,Tablet,1 Month,30,588,926,1
1698,Standard,12,2022-09-18,2023-08-01,Mexico,29,Male,Tablet,1 Month,30,627,944,1
1699,Premium,10,2022-09-17,2023-08-19,Spain,31,Female,Laptop,1 Month,30,609,945,1
1700,Basic,12,2022-09-13,2024-05-28,Italy,28,Female,Smart TV,1 Month,30,326,949,1
1701,Premium,15,2022-09-09,2024-07-31,Spain,32,Male,Smart TV,1 Month,30,262,953,1
1702,Basic,12,2022-09-02,2024-04-02,Spain,43,Male,Smartphone,1 Month,30,382,960,1
1703,Standard,13,2022-09-01,2023-09-17,United States,48,Male,Smart TV,1 Month,30,580,961,1
1704,Standard,10,2022-08-16,2023-07-23,Canada,28,Male,Laptop,1 Month,30,636,977,1
1705,Basic,14,2022-08-17,2022-11-13,United States,31,Female,Tablet,1 Month,30,888,976,1
1706,Premium,15,2022-07-29,2024-05-31,United States,47,Male,Laptop,1 Month,30,323,995,1
1707,Basic,13,2022-07-28,2022-09-30,Canada,39,Female,Smartphone,1 Month,30,932,996,1
1708,Standard,13,2022-07-25,2023-11-11,United Kingdom,35,Male,Smartphone,1 Month,30,525,999,1
1709,Premium,10,2022-07-26,2022-11-25,Australia,42,Female,Smartphone,1 Month,30,876,998,1
1710,Basic,11,2022-07-17,2023-03-10,Germany,30,Male,Smart TV,1 Month,30,771,1007,1
1711,Premium,14,2022-07-16,2023-08-02,France,34,Male,Smartphone,1 Month,30,626,1008,1
1712,Basic,11,2022-07-17,2023-07-13,Brazil,35,Male,Smartphone,1 Month,30,646,1007,1
1713,Standard,12,2022-07-16,2023-01-20,Mexico,31,Female,Tablet,1 Month,30,820,1008,1
1714,Standard,14,2022-07-16,2022-09-07,Spain,36,Female,Tablet,1 Month,30,955,1008,1
1715,Basic,14,2022-07-12,2023-09-18,Italy,31,Female,Laptop,1 Month,30,579,1012,1
1716,Premium,11,2022-07-10,2024-01-06,Spain,32,Male,Smart TV,1 Month,30,469,1014,1
1717,Basic,10,2022-07-08,2023-08-05,Spain,46,Female,Smartphone,1 Month,30,623,1016,1
1718,Standard,15,2022-06-29,2023-08-14,United States,30,Male,Tablet,1 Month,30,614,1025,1
1719,Premium,12,2022-06-29,2024-01-11,Canada,46,Male,Laptop,1 Month,30,464,1025,1
1720,Basic,12,2022-06-28,2022-12-26,United States,44,Female,Tablet,1 Month,30,845,1026,1
1721,Basic,12,2022-06-29,2024-02-10,United States,34,Male,Tablet,1 Month,30,434,1025,1
1722,Basic,13,2022-07-01,2024-03-29,Canada,31,Male,Tablet,1 Month,30,386,1023,1
1723,Standard,13,2022-07-02,2024-04-08,United Kingdom,34,Male,Smart TV,1 Month,30,376,1022,1
1724,Premium,12,2022-07-04,2023-09-26,Australia,28,Male,Laptop,1 Month,30,571,1020,1
1725,Basic,10,2022-07-08,2023-04-13,Germany,36,Female,Smartphone,1 Month,30,737,1016,1
1726,Basic,14,2022-07-20,2022-12-13,France,48,Female,Laptop,1 Month,30,858,1004,1
1727,Premium,13,2022-07-23,2024-01-15,Brazil,40,Male,Smartphone,1 Month,30,460,1001,1
1728,Standard,15,2022-07-26,2024-03-24,Mexico,35,Male,Smartphone,1 Month,30,391,998,1
1729,Standard,11,2022-07-30,2023-07-29,Spain,41,Male,Laptop,1 Month,30,630,994,1
1730,Basic,10,2022-08-08,2023-10-29,Italy,28,Female,Smartphone,1 Month,30,538,985,1
1731,Premium,12,2022-08-13,2023-07-03,Spain,37,Male,Tablet,1 Month,30,656,980,1
1732,Standard,12,2022-08-14,2023-09-18,Spain,33,Male,Smartphone,1 Month,30,579,979,1
1733,Basic,15,2022-08-16,2023-03-19,United States,27,Female,Tablet,1 Month,30,762,977,1
1734,Standard,14,2022-08-19,2023-05-21,Canada,35,Male,Tablet,1 Month,30,699,974,1
1735,Premium,10,2022-08-27,2024-06-23,United States,27,Male,Smartphone,1 Month,30,300,966,1
1736,Basic,15,2022-09-04,2023-06-28,United States,29,Female,Smartphone,1 Month,30,661,958,1
1737,Premium,12,2022-09-05,2024-07-08,Canada,28,Female,Laptop,1 Month,30,285,957,1
1738,Standard,12,2022-09-13,2023-06-06,United Kingdom,33,Female,Smartphone,1 Month,30,683,949,1
1739,Basic,10,2022-09-16,2024-03-28,Australia,35,Female,Smartphone,1 Month,30,387,946,1
1740,Standard,15,2022-09-18,2024-04-21,Germany,37,Female,Laptop,1 Month,30,363,944,1
1741,Premium,12,2022-09-20,2022-11-09,France,31,Male,Smartphone,1 Month,30,892,942,1
1742,Basic,13,2022-09-29,2024-03-31,Brazil,27,Male,Laptop,1 Month,30,384,933,1
1743,Standard,11,2022-09-30,2023-02-06,Mexico,48,Male,Tablet,1 Month,30,803,932,1
1744,Premium,15,2022-10-04,2024-02-23,Spain,30,Female,Smart TV,1 Month,30,421,928,1
1745,Basic,14,2022-10-08,2024-06-27,Italy,45,Male,Tablet,1 Month,30,296,924,1
1746,Premium,14,2022-10-10,2023-09-02,Spain,28,Male,Smart TV,1 Month,30,595,922,1
1747,Basic,12,2022-10-12,2024-04-19,Spain,30,Female,Laptop,1 Month,30,365,920,1
1748,Standard,15,2022-10-14,2023-10-12,United States,48,Male,Smartphone,1 Month,30,555,918,1
1749,Standard,10,2022-10-16,2022-11-16,Canada,37,Female,Laptop,1 Month,30,885,916,1
1750,Basic,15,2022-10-21,2023-11-29,United States,28,Female,Smartphone,1 Month,30,507,911,1
1751,Premium,14,2022-10-23,2023-09-10,United States,43,Female,Tablet,1 Month,30,587,909,1
1752,Basic,10,2022-10-25,2024-05-29,Canada,36,Male,Laptop,1 Month,30,325,907,1
1753,Standard,15,2022-10-26,2023-10-08,United Kingdom,47,Male,Laptop,1 Month,30,559,906,1
1754,Premium,10,2022-10-29,2024-04-12,Australia,42,Male,Smart TV,1 Month,30,372,903,1
1755,Basic,15,2022-10-31,2023-12-15,Germany,50,Male,Laptop,1 Month,30,491,901,1
1756,Premium,13,2022-11-02,2024-08-15,France,41,Male,Tablet,1 Month,30,247,899,1
1757,Basic,13,2022-11-03,2022-12-16,Brazil,43,Male,Laptop,1 Month,30,855,898,1
1758,Standard,13,2022-11-05,2024-04-21,Mexico,35,Male,Laptop,1 Month,30,363,896,1
1759,Standard,10,2022-11-06,2023-07-24,Spain,51,Male,Smart TV,1 Month,30,635,895,1
1760,Basic,15,2022-11-06,2023-02-27,Italy,35,Male,Tablet,1 Month,30,782,895,1
1761,Premium,10,2022-11-07,2023-04-15,Spain,37,Male,Smart TV,1 Month,30,735,894,1
1762,Basic,10,2022-11-04,2023-04-27,Spain,28,Female,Smartphone,1 Month,30,723,897,1
1763,Standard,14,2022-11-02,2022-12-29,United States,32,Female,Smartphone,1 Month,30,842,899,1
1764,Premium,13,2022-10-27,2023-01-30,Canada,37,Female,Tablet,1 Month,30,810,905,1
1765,Basic,11,2022-10-18,2023-04-28,United States,37,Female,Tablet,1 Month,30,722,914,1
1766,Premium,12,2022-10-07,2023-06-22,United States,34,Female,Smart TV,1 Month,30,667,925,1
1767,Basic,15,2022-10-04,2023-07-21,Canada,30,Female,Tablet,1 Month,30,638,928,1
1768,Standard,14,2022-09-17,2024-01-08,United Kingdom,35,Male,Tablet,1 Month,30,467,945,1
1769,Standard,14,2022-09-15,2023-12-12,Australia,41,Female,Laptop,1 Month,30,494,947,1
1770,Basic,13,2022-09-10,2024-01-12,Germany,50,Female,Tablet,1 Month,30,463,952,1
1771,Premium,11,2022-09-09,2023-08-05,France,48,Female,Laptop,1 Month,30,623,953,1
1772,Basic,12,2022-09-09,2023-08-07,Brazil,29,Male,Smart TV,1 Month,30,621,953,1
1773,Standard,12,2022-09-07,2023-07-20,Mexico,37,Male,Tablet,1 Month,30,639,955,1
1774,Premium,15,2022-09-08,2023-11-06,Spain,36,Female,Tablet,1 Month,30,530,954,1
1775,Basic,15,2022-08-14,2022-09-22,Italy,45,Male,Tablet,1 Month,30,940,979,1
1776,Premium,15,2022-08-06,2024-05-26,Spain,27,Female,Smart TV,1 Month,30,328,987,1
1777,Basic,12,2022-08-06,2023-06-01,Spain,31,Female,Tablet,1 Month,30,688,987,1
1778,Standard,11,2022-07-29,2024-04-10,United States,42,Female,Tablet,1 Month,30,374,995,1
1779,Standard,15,2022-07-28,2024-04-22,Canada,43,Female,Smartphone,1 Month,30,362,996,1
1780,Basic,13,2022-07-24,2023-08-18,United States,43,Male,Smart TV,1 Month,30,610,1000,1
1781,Premium,15,2022-07-22,2023-05-04,United States,35,Female,Laptop,1 Month,30,716,1002,1
1782,Basic,13,2022-07-19,2022-12-28,Canada,51,Male,Laptop,1 Month,30,843,1005,1
1783,Standard,13,2022-07-17,2023-05-18,United Kingdom,42,Female,Smartphone,1 Month,30,702,1007,1
1784,Premium,13,2022-07-16,2024-01-09,Australia,36,Male,Tablet,1 Month,30,466,1008,1
1785,Basic,13,2022-07-13,2023-06-20,Germany,50,Female,Tablet,1 Month,30,669,1011,1
1786,Premium,15,2022-07-14,2024-03-10,France,43,Female,Laptop,1 Month,30,405,1010,1
1787,Basic,11,2022-07-07,2023-05-16,Brazil,28,Male,Laptop,1 Month,30,704,1017,1
1788,Standard,10,2022-07-06,2022-12-03,Mexico,48,Female,Smart TV,1 Month,30,868,1018,1
1789,Standard,14,2022-06-30,2022-11-13,Spain,47,Female,Tablet,1 Month,30,888,1024,1
1790,Basic,12,2022-06-30,2023-02-18,Italy,31,Male,Smart TV,1 Month,30,791,1024,1
1791,Premium,14,2022-07-01,2023-01-11,Spain,45,Male,Laptop,1 Month,30,829,1023,1
1792,Basic,15,2022-07-02,2023-06-01,Spain,45,Female,Tablet,1 Month,30,688,1022,1
1793,Standard,14,2022-07-03,2023-12-11,United States,42,Female,Smart TV,1 Month,30,495,1021,1
1794,Premium,12,2022-07-06,2024-04-27,Canada,36,Female,Tablet,1 Month,30,357,1018,1
1795,Basic,14,2022-07-07,2024-02-12,United States,32,Male,Smart TV,1 Month,30,432,1017,1
1796,Basic,10,2022-07-15,2023-01-16,United States,50,Male,Tablet,1 Month,30,824,1009,1
1797,Basic,14,2022-07-17,2023-08-17,Canada,39,Male,Smart TV,1 Month,30,611,1007,1
1798,Standard,10,2022-07-26,2024-05-05,United Kingdom,51,Male,Smartphone,1 Month,30,349,998,1
1799,Premium,14,2022-08-05,2023-05-12,Australia,49,Female,Tablet,1 Month,30,708,988,1
1800,Basic,14,2022-08-12,2023-08-10,Germany,42,Male,Tablet,1 Month,30,618,981,1
1801,Basic,12,2022-08-14,2024-06-15,France,46,Male,Tablet,1 Month,30,308,979,1
1802,Premium,12,2022-08-15,2024-02-06,Brazil,30,Male,Smartphone,1 Month,30,438,978,1
1803,Standard,10,2022-08-18,2023-07-06,Mexico,48,Male,Smart TV,1 Month,30,653,975,1
1804,Standard,12,2022-08-21,2022-10-09,Spain,40,Female,Laptop,1 Month,30,923,972,1
1805,Basic,10,2022-09-04,2023-07-12,Italy,50,Female,Smart TV,1 Month,30,647,958,1
1806,Premium,15,2022-09-05,2022-10-05,Spain,49,Female,Laptop,1 Month,30,927,957,1
1807,Standard,11,2022-09-08,2023-02-03,Spain,37,Male,Smartphone,1 Month,30,806,954,1
1808,Basic,12,2022-09-15,2022-11-18,United States,43,Male,Laptop,1 Month,30,883,947,1
1809,Standard,15,2022-09-17,2023-05-02,Canada,40,Female,Tablet,1 Month,30,718,945,1
1810,Premium,14,2022-09-19,2024-02-15,United States,27,Male,Laptop,1 Month,30,429,943,1
1811,Basic,10,2022-09-23,2022-12-20,United States,47,Male,Smart TV,1 Month,30,851,939,1
1812,Premium,11,2022-09-26,2023-04-04,Canada,50,Male,Smartphone,1 Month,30,746,936,1
1813,Standard,12,2022-09-30,2023-05-23,United Kingdom,31,Female,Smartphone,1 Month,30,697,932,1
1814,Basic,10,2022-10-07,2022-11-17,Australia,33,Male,Smartphone,1 Month,30,884,925,1
1815,Standard,13,2022-10-09,2024-03-11,Germany,42,Female,Tablet,1 Month,30,404,923,1
1816,Premium,14,2022-10-12,2023-08-13,France,51,Female,Laptop,1 Month,30,615,920,1
1817,Basic,12,2022-10-13,2023-07-11,Brazil,43,Female,Smartphone,1 Month,30,648,919,1
1818,Standard,15,2022-10-14,2023-06-16,Mexico,45,Female,Smart TV,1 Month,30,673,918,1
1819,Premium,13,2022-10-19,2023-07-26,Spain,48,Female,Tablet,1 Month,30,633,913,1
1820,Basic,14,2022-10-20,2023-03-24,Italy,48,Female,Smart TV,1 Month,30,757,912,1
1821,Premium,12,2022-10-22,2023-06-25,Spain,30,Male,Smartphone,1 Month,30,664,910,1
1822,Basic,15,2022-10-24,2023-09-24,Spain,29,Female,Tablet,1 Month,30,573,908,1
1823,Standard,10,2022-10-28,2023-05-30,United States,28,Male,Tablet,1 Month,30,690,904,1
1824,Standard,12,2022-10-30,2023-01-06,Canada,46,Female,Laptop,1 Month,30,834,902,1
1825,Basic,13,2022-11-01,2023-07-11,United States,45,Male,Smart TV,1 Month,30,648,900,1
1826,Premium,12,2022-11-03,2023-06-04,United States,30,Male,Tablet,1 Month,30,685,898,1
1827,Basic,13,2022-11-04,2024-04-11,Canada,44,Female,Laptop,1 Month,30,373,897,1
1828,Standard,14,2022-11-05,2024-02-04,United Kingdom,46,Male,Laptop,1 Month,30,440,896,1
1829,Premium,13,2022-11-06,2023-06-01,Australia,36,Female,Tablet,1 Month,30,688,895,1
1830,Basic,12,2022-11-07,2024-02-07,Germany,27,Female,Smartphone,1 Month,30,437,894,1
1831,Premium,14,2022-11-05,2023-09-24,France,43,Male,Laptop,1 Month,30,573,896,1
1832,Basic,11,2022-11-05,2023-05-04,Brazil,48,Female,Smartphone,1 Month,30,716,896,1
1833,Standard,12,2022-11-06,2023-12-24,Mexico,36,Female,Smartphone,1 Month,30,482,895,1
1834,Standard,10,2022-11-03,2024-08-31,Spain,44,Male,Smart TV,1 Month,30,231,898,1
1835,Basic,11,2022-10-22,2023-09-24,Italy,41,Female,Tablet,1 Month,30,573,910,1
1836,Premium,12,2022-10-22,2023-10-22,Spain,29,Female,Smart TV,1 Month,30,545,910,1
1837,Basic,13,2022-10-15,2023-11-23,Spain,28,Female,Smartphone,1 Month,30,513,917,1
1838,Standard,11,2022-09-24,2022-10-31,United States,36,Female,Smartphone,1 Month,30,901,938,1
1839,Premium,15,2022-09-15,2023-09-20,Canada,36,Female,Smart TV,1 Month,30,577,947,1
1840,Basic,14,2022-09-15,2023-02-20,United States,40,Male,Laptop,1 Month,30,789,947,1
1841,Premium,11,2022-09-12,2024-08-10,United States,35,Female,Tablet,1 Month,30,252,950,1
1842,Basic,14,2022-09-12,2023-09-28,Canada,34,Female,Smartphone,1 Month,30,569,950,1
1843,Standard,10,2022-09-11,2023-10-03,United Kingdom,46,Male,Laptop,1 Month,30,564,951,1
1844,Standard,14,2022-09-11,2024-03-10,Australia,47,Female,Smart TV,1 Month,30,405,951,1
1845,Basic,12,2022-08-16,2024-01-22,Germany,32,Female,Smartphone,1 Month,30,453,977,1
1846,Premium,13,2022-08-12,2022-12-05,France,45,Male,Smartphone,1 Month,30,866,981,1
1847,Basic,10,2022-08-02,2023-02-22,Brazil,31,Female,Smartphone,1 Month,30,787,991,1
1848,Standard,11,2022-08-01,2023-03-11,Mexico,49,Male,Laptop,1 Month,30,770,992,1
1849,Premium,11,2022-07-29,2023-07-04,Spain,33,Female,Smartphone,1 Month,30,655,995,1
1850,Basic,12,2022-07-28,2022-12-23,Italy,30,Male,Smartphone,1 Month,30,848,996,1
1851,Premium,11,2022-07-25,2023-03-29,Spain,48,Female,Laptop,1 Month,30,752,999,1
1852,Basic,14,2022-07-20,2023-10-19,Spain,49,Female,Tablet,1 Month,30,548,1004,1
1853,Standard,13,2022-07-16,2023-10-02,United States,43,Male,Laptop,1 Month,30,565,1008,1
1854,Standard,14,2022-07-16,2022-12-06,Canada,46,Female,Laptop,1 Month,30,865,1008,1
1855,Basic,12,2022-07-15,2023-01-05,United States,33,Male,Smartphone,1 Month,30,835,1009,1
1856,Premium,15,2022-07-13,2024-01-31,United States,31,Female,Smartphone,1 Month,30,444,1011,1
1857,Basic,13,2022-07-06,2024-05-13,Canada,44,Female,Smart TV,1 Month,30,341,1018,1
1858,Standard,10,2022-07-03,2023-05-31,United Kingdom,34,Male,Smart TV,1 Month,30,689,1021,1
1859,Premium,15,2022-07-04,2024-03-12,Australia,41,Male,Laptop,1 Month,30,403,1020,1
1860,Basic,10,2022-07-03,2023-07-12,Germany,42,Male,Laptop,1 Month,30,647,1021,1
1861,Premium,15,2022-07-03,2022-08-02,France,38,Female,Laptop,1 Month,30,991,1021,1
1862,Basic,13,2022-07-04,2022-12-27,Brazil,31,Female,Tablet,1 Month,30,844,1020,1
1863,Standard,11,2022-07-05,2023-05-17,Mexico,35,Female,Smartphone,1 Month,30,703,1019,1
1864,Standard,15,2022-07-07,2024-05-20,Spain,32,Male,Smartphone,1 Month,30,334,1017,1
1865,Basic,15,2022-07-08,2022-09-28,Italy,39,Male,Smartphone,1 Month,30,934,1016,1
1866,Premium,12,2022-07-13,2023-06-11,Spain,42,Male,Laptop,1 Month,30,678,1011,1
1867,Basic,11,2022-07-15,2022-10-21,Spain,31,Male,Tablet,1 Month,30,911,1009,1
1868,Standard,14,2022-08-01,2023-08-26,United States,38,Male,Tablet,1 Month,30,602,992,1
1869,Premium,13,2022-08-11,2024-05-03,Canada,48,Male,Smart TV,1 Month,30,351,982,1
1870,Basic,14,2022-08-13,2023-04-19,United States,29,Male,Tablet,1 Month,30,731,980,1
1871,Basic,10,2022-08-15,2024-04-10,United States,43,Female,Smart TV,1 Month,30,374,978,1
1872,Basic,13,2022-08-16,2024-04-21,Canada,49,Female,Smartphone,1 Month,30,363,977,1
1873,Standard,14,2022-08-18,2023-02-24,United Kingdom,50,Male,Smartphone,1 Month,30,785,975,1
1874,Premium,14,2022-08-25,2022-12-21,Australia,50,Male,Smartphone,1 Month,30,850,968,1
1875,Basic,14,2022-08-29,2024-05-04,Germany,51,Male,Smart TV,1 Month,30,350,964,1
1876,Basic,11,2022-09-04,2024-05-14,France,29,Male,Tablet,1 Month,30,340,958,1
1877,Premium,11,2022-09-13,2023-03-20,Brazil,50,Female,Smartphone,1 Month,30,761,949,1
1878,Standard,12,2022-09-14,2024-02-14,Mexico,39,Female,Tablet,1 Month,30,430,948,1
1879,Standard,10,2022-09-17,2023-09-05,Spain,27,Female,Smart TV,1 Month,30,592,945,1
1880,Basic,15,2022-09-18,2024-06-18,Italy,29,Male,Smart TV,1 Month,30,305,944,1
1881,Premium,15,2022-09-23,2023-11-07,Spain,28,Male,Tablet,1 Month,30,529,939,1
1882,Standard,11,2022-09-27,2023-02-05,Spain,46,Male,Smartphone,1 Month,30,804,935,1
1883,Basic,14,2022-10-04,2024-03-10,United States,50,Female,Tablet,1 Month,30,405,928,1
1884,Standard,12,2022-10-09,2024-08-12,Canada,33,Female,Tablet,1 Month,30,250,923,1
1885,Premium,14,2022-10-10,2024-07-14,United States,32,Female,Tablet,1 Month,30,279,922,1
1886,Basic,12,2022-10-11,2022-11-28,United States,38,Male,Smart TV,1 Month,30,873,921,1
1887,Premium,13,2022-10-13,2024-02-08,Canada,49,Male,Smart TV,1 Month,30,436,919,1
1888,Standard,12,2022-10-15,2024-03-09,United Kingdom,50,Male,Laptop,1 Month,30,406,917,1
1889,Basic,13,2022-10-20,2024-07-04,Australia,37,Female,Laptop,1 Month,30,289,912,1
1890,Standard,15,2022-10-21,2023-12-21,Germany,33,Female,Laptop,1 Month,30,485,911,1
1891,Premium,11,2022-10-23,2023-08-27,France,33,Female,Tablet,1 Month,30,601,909,1
1892,Basic,15,2022-10-25,2023-11-23,Brazil,46,Male,Smartphone,1 Month,30,513,907,1
1893,Standard,10,2022-10-27,2023-10-22,Mexico,28,Male,Smartphone,1 Month,30,545,905,1
1894,Premium,11,2022-10-30,2024-08-30,Spain,33,Male,Tablet,1 Month,30,232,902,1
1895,Basic,15,2022-11-01,2023-11-09,Italy,45,Male,Laptop,1 Month,30,527,900,1
1896,Premium,14,2022-11-02,2024-02-29,Spain,43,Male,Laptop,1 Month,30,415,899,1
1897,Basic,11,2022-11-04,2024-07-26,Spain,49,Female,Smartphone,1 Month,30,267,897,1
1898,Standard,13,2022-11-06,2024-09-20,United States,41,Female,Tablet,1 Month,30,211,895,1
1899,Standard,14,2022-11-07,2023-02-09,Canada,39,Female,Smartphone,1 Month,30,800,894,1
1900,Basic,14,2022-11-06,2023-02-19,United States,45,Female,Smartphone,1 Month,30,790,895,1
1901,Premium,15,2022-11-07,2023-04-28,United States,38,Male,Tablet,1 Month,30,722,894,1
1902,Basic,15,2022-11-07,2024-08-02,Canada,30,Male,Smart TV,1 Month,30,260,894,1
1903,Standard,12,2022-11-03,2024-03-19,United Kingdom,27,Female,Smart TV,1 Month,30,396,898,1
1904,Premium,15,2022-11-03,2024-01-23,Australia,36,Female,Smartphone,1 Month,30,452,898,1
1905,Basic,15,2022-10-31,2023-09-30,Germany,36,Female,Tablet,1 Month,30,567,901,1
1906,Premium,11,2022-10-28,2024-04-06,France,28,Male,Tablet,1 Month,30,378,904,1
1907,Basic,10,2022-09-28,2023-08-14,Brazil,45,Female,Smartphone,1 Month,30,614,934,1
1908,Standard,15,2022-09-19,2023-01-28,Mexico,41,Male,Smartphone,1 Month,30,812,943,1
1909,Standard,12,2022-09-16,2023-07-09,Spain,29,Male,Smart TV,1 Month,30,650,946,1
1910,Basic,15,2022-09-17,2024-06-29,Italy,35,Male,Smartphone,1 Month,30,294,945,1
1911,Premium,12,2022-09-17,2022-10-19,Spain,36,Female,Smart TV,1 Month,30,913,945,1
1912,Basic,11,2022-09-15,2023-01-07,Spain,41,Male,Laptop,1 Month,30,833,947,1
1913,Standard,11,2022-09-14,2023-09-06,United States,46,Male,Tablet,1 Month,30,591,948,1
1914,Premium,11,2022-09-14,2024-01-06,Canada,46,Female,Tablet,1 Month,30,469,948,1
1915,Basic,10,2022-09-13,2024-01-09,United States,42,Male,Smartphone,1 Month,30,466,949,1
1916,Premium,13,2022-08-13,2024-06-01,United States,40,Male,Tablet,1 Month,30,322,980,1
1917,Basic,14,2022-08-12,2023-04-19,Canada,32,Female,Tablet,1 Month,30,731,981,1
1918,Standard,11,2022-08-07,2023-02-06,United Kingdom,34,Female,Smartphone,1 Month,30,803,986,1
1919,Standard,11,2022-08-07,2024-07-01,Australia,27,Female,Smart TV,1 Month,30,292,986,1
1920,Basic,11,2022-08-04,2022-09-14,Germany,38,Male,Laptop,1 Month,30,948,989,1
1921,Premium,14,2022-07-24,2023-01-02,France,34,Female,Laptop,1 Month,30,838,1000,1
1922,Basic,13,2022-07-18,2023-06-16,Brazil,28,Male,Tablet,1 Month,30,673,1006,1
1923,Standard,12,2022-07-17,2023-06-04,Mexico,48,Male,Smartphone,1 Month,30,685,1007,1
1924,Premium,13,2022-07-17,2023-06-11,Spain,42,Female,Laptop,1 Month,30,678,1007,1
1925,Basic,10,2022-07-14,2022-09-24,Italy,37,Female,Smart TV,1 Month,30,938,1010,1
1926,Premium,11,2022-07-06,2023-07-13,Spain,28,Female,Tablet,1 Month,30,646,1018,1
1927,Basic,13,2022-07-07,2023-06-27,Spain,43,Female,Smart TV,1 Month,30,662,1017,1
1928,Standard,10,2022-07-07,2023-12-16,United States,44,Female,Smart TV,1 Month,30,490,1017,1
1929,Standard,12,2022-07-08,2023-08-05,Canada,33,Female,Smartphone,1 Month,30,623,1016,1
1930,Basic,13,2022-07-07,2023-10-06,United States,36,Male,Smart TV,1 Month,30,561,1017,1
1931,Premium,14,2022-07-08,2022-08-27,United States,27,Male,Tablet,1 Month,30,966,1016,1
1932,Basic,11,2022-07-09,2023-09-18,Canada,41,Male,Tablet,1 Month,30,579,1015,1
1933,Standard,14,2022-07-09,2024-04-17,United Kingdom,32,Male,Smart TV,1 Month,30,367,1015,1
1934,Premium,12,2022-07-09,2023-07-09,Australia,36,Female,Laptop,1 Month,30,650,1015,1
1935,Basic,12,2022-07-12,2022-12-05,Germany,36,Female,Tablet,1 Month,30,866,1012,1
1936,Premium,13,2022-07-15,2022-12-15,France,36,Male,Laptop,1 Month,30,856,1009,1
1937,Basic,14,2022-07-16,2023-09-17,Brazil,32,Male,Smart TV,1 Month,30,580,1008,1
1938,Standard,10,2022-07-18,2022-10-06,Mexico,45,Female,Smartphone,1 Month,30,926,1006,1
1939,Standard,11,2022-08-13,2023-08-01,Spain,43,Female,Tablet,1 Month,30,627,980,1
1940,Basic,10,2022-08-14,2023-01-31,Italy,35,Male,Tablet,1 Month,30,809,979,1
1941,Premium,13,2022-08-16,2023-12-28,Spain,29,Female,Smart TV,1 Month,30,478,977,1
1942,Basic,14,2022-08-17,2023-08-15,Spain,33,Female,Smart TV,1 Month,30,613,976,1
1943,Standard,14,2022-08-25,2023-10-01,United States,49,Male,Smart TV,1 Month,30,566,968,1
1944,Premium,15,2022-08-28,2024-04-12,Canada,27,Male,Tablet,1 Month,30,372,965,1
1945,Basic,14,2022-08-29,2024-02-03,United States,39,Female,Smart TV,1 Month,30,441,964,1
1946,Basic,10,2022-09-11,2024-04-01,United States,34,Female,Smart TV,1 Month,30,383,951,1
1947,Basic,12,2022-09-12,2024-08-10,Canada,39,Male,Smartphone,1 Month,30,252,950,1
1948,Standard,11,2022-09-16,2023-03-20,United Kingdom,39,Female,Laptop,1 Month,30,761,946,1
1949,Premium,15,2022-09-17,2023-08-03,Australia,39,Female,Smart TV,1 Month,30,625,945,1
1950,Basic,10,2022-09-21,2024-07-29,Germany,40,Female,Laptop,1 Month,30,264,941,1
1951,Basic,15,2022-09-23,2023-03-15,France,40,Male,Tablet,1 Month,30,766,939,1
1952,Premium,14,2022-09-27,2023-02-09,Brazil,31,Male,Smartphone,1 Month,30,800,935,1
1953,Standard,12,2022-10-09,2024-01-01,Mexico,47,Male,Smartphone,1 Month,30,474,923,1
1954,Standard,11,2022-10-10,2024-09-08,Spain,43,Male,Laptop,1 Month,30,223,922,1
1955,Basic,13,2022-10-11,2024-08-28,Italy,34,Male,Smartphone,1 Month,30,234,921,1
1956,Premium,12,2022-10-12,2022-11-12,Spain,30,Female,Tablet,1 Month,30,889,920,1
1957,Standard,15,2022-10-13,2024-06-22,Spain,33,Female,Smartphone,1 Month,30,301,919,1
1958,Basic,12,2022-10-19,2024-08-22,United States,29,Male,Tablet,1 Month,30,240,913,1
1959,Standard,14,2022-10-21,2023-02-17,Canada,35,Female,Smartphone,1 Month,30,792,911,1
1960,Premium,13,2022-10-23,2023-11-01,United States,41,Female,Laptop,1 Month,30,535,909,1
1961,Basic,14,2022-10-24,2023-11-07,United States,34,Female,Smartphone,1 Month,30,529,908,1
1962,Premium,12,2022-10-26,2024-02-26,Canada,28,Female,Tablet,1 Month,30,418,906,1
1963,Standard,15,2022-10-27,2023-08-15,United Kingdom,31,Male,Smart TV,1 Month,30,613,905,1
1964,Basic,15,2022-11-01,2023-11-16,Australia,29,Male,Smart TV,1 Month,30,520,900,1
1965,Standard,12,2022-11-02,2023-03-19,Germany,44,Female,Tablet,1 Month,30,762,899,1
1966,Premium,10,2022-11-04,2024-07-11,France,44,Female,Tablet,1 Month,30,282,897,1
1967,Basic,13,2022-11-05,2023-01-12,Brazil,29,Male,Laptop,1 Month,30,828,896,1
1968,Standard,12,2022-11-06,2023-05-13,Mexico,32,Female,Tablet,1 Month,30,707,895,1
1969,Premium,11,2022-11-07,2024-07-11,Spain,31,Male,Smartphone,1 Month,30,282,894,1
1970,Basic,14,2022-11-08,2023-10-15,Italy,27,Male,Laptop,1 Month,30,552,893,1
1971,Premium,13,2022-11-08,2023-08-05,Spain,43,Female,Laptop,1 Month,30,623,893,1
1972,Basic,14,2022-11-09,2024-02-26,Spain,48,Male,Tablet,1 Month,30,418,892,1
1973,Standard,15,2022-11-09,2023-10-02,United States,37,Female,Tablet,1 Month,30,565,892,1
1974,Standard,11,2022-11-05,2023-01-09,Canada,42,Male,Smartphone,1 Month,30,831,896,1
1975,Basic,11,2022-11-04,2023-02-25,United States,40,Male,Tablet,1 Month,30,784,897,1
1976,Premium,13,2022-10-19,2024-02-12,United States,37,Female,Tablet,1 Month,30,432,913,1
1977,Basic,12,2022-10-12,2023-11-30,Canada,31,Male,Smartphone,1 Month,30,506,920,1
1978,Standard,11,2022-10-03,2023-04-22,United Kingdom,30,Male,Smart TV,1 Month,30,728,929,1
1979,Premium,15,2022-09-28,2023-11-07,Australia,51,Female,Smartphone,1 Month,30,529,934,1
1980,Basic,15,2022-09-17,2023-10-13,Germany,42,Female,Laptop,1 Month,30,554,945,1
1981,Premium,13,2022-09-16,2024-04-26,France,37,Female,Smartphone,1 Month,30,358,946,1
1982,Basic,14,2022-09-15,2023-03-04,Brazil,44,Female,Smartphone,1 Month,30,777,947,1
1983,Standard,11,2022-09-14,2023-02-08,Mexico,37,Male,Tablet,1 Month,30,801,948,1
1984,Standard,11,2022-09-15,2023-07-18,Spain,44,Male,Smartphone,1 Month,30,641,947,1
1985,Basic,11,2022-09-06,2023-05-13,Italy,40,Male,Tablet,1 Month,30,707,956,1
1986,Premium,15,2022-08-28,2022-10-22,Spain,27,Male,Smart TV,1 Month,30,910,965,1
1987,Basic,12,2022-08-07,2024-02-08,Spain,31,Male,Smart TV,1 Month,30,436,986,1
1988,Standard,15,2022-08-07,2022-09-15,United States,39,Female,Smartphone,1 Month,30,947,986,1
1989,Premium,12,2022-08-06,2023-09-17,Canada,47,Female,Tablet,1 Month,30,580,987,1
1990,Basic,15,2022-07-30,2024-05-22,United States,30,Male,Smart TV,1 Month,30,332,994,1
1991,Premium,12,2022-07-30,2024-05-26,United States,35,Male,Laptop,1 Month,30,328,994,1
1992,Basic,14,2022-07-30,2024-04-03,Canada,39,Male,Smartphone,1 Month,30,381,994,1
1993,Standard,15,2022-07-19,2023-01-16,United Kingdom,29,Female,Tablet,1 Month,30,824,1005,1
1994,Standard,11,2022-07-17,2022-10-03,Australia,28,Male,Laptop,1 Month,30,929,1007,1
1995,Basic,11,2022-07-12,2023-01-11,Germany,39,Male,Tablet,1 Month,30,829,1012,1
1996,Premium,10,2022-07-11,2023-05-29,France,34,Male,Smart TV,1 Month,30,691,1013,1
1997,Basic,14,2022-07-10,2024-03-10,Brazil,47,Male,Smart TV,1 Month,30,405,1014,1
1998,Standard,14,2022-07-10,2022-09-27,Mexico,47,Female,Smart TV,1 Month,30,935,1014,1
1999,Premium,13,2022-07-08,2024-05-31,Spain,46,Male,Smart TV,1 Month,30,323,1016,1
2000,Basic,12,2022-07-09,2024-01-20,Italy,31,Male,Smart TV,1 Month,30,455,1015,1
2001,Premium,10,2022-07-09,2024-04-10,Spain,41,Female,Smart TV,1 Month,30,374,1015,1
2002,Basic,10,2022-07-09,2022-10-06,Spain,30,Female,Smartphone,1 Month,30,926,1015,1
2003,Standard,11,2022-07-10,2023-01-22,United States,41,Male,Tablet,1 Month,30,818,1014,1
2004,Standard,12,2022-07-12,2023-02-28,Canada,48,Female,Laptop,1 Month,30,781,1012,1
2005,Basic,10,2022-07-13,2023-01-04,United States,35,Female,Laptop,1 Month,30,836,1011,1
2006,Premium,13,2022-07-16,2023-10-27,United States,41,Female,Laptop,1 Month,30,540,1008,1
2007,Basic,10,2022-07-17,2023-04-14,Canada,39,Female,Smart TV,1 Month,30,736,1007,1
2008,Standard,10,2022-07-26,2024-03-27,United Kingdom,45,Male,Laptop,1 Month,30,388,998,1
2009,Premium,10,2022-07-31,2024-03-12,Australia,41,Male,Laptop,1 Month,30,403,993,1
2010,Basic,13,2022-08-03,2023-12-28,Germany,28,Male,Laptop,1 Month,30,478,990,1
2011,Premium,10,2022-08-15,2022-12-30,France,28,Female,Tablet,1 Month,30,841,978,1
2012,Basic,15,2022-08-18,2023-04-30,Brazil,48,Male,Smart TV,1 Month,30,720,975,1
2013,Standard,10,2022-08-27,2024-06-17,Mexico,40,Female,Smart TV,1 Month,30,306,966,1
2014,Standard,12,2022-08-29,2024-07-19,Spain,39,Male,Smart TV,1 Month,30,274,964,1
2015,Basic,12,2022-09-05,2024-07-27,Italy,27,Male,Smartphone,1 Month,30,266,957,1
2016,Premium,10,2022-09-06,2023-12-11,Spain,32,Female,Smart TV,1 Month,30,495,956,1
2017,Basic,10,2022-09-14,2024-07-29,Spain,38,Male,Laptop,1 Month,30,264,948,1
2018,Standard,10,2022-09-16,2023-12-08,United States,41,Female,Laptop,1 Month,30,498,946,1
2019,Premium,10,2022-09-18,2024-01-15,Canada,32,Female,Laptop,1 Month,30,460,944,1
2020,Basic,12,2022-09-23,2023-03-31,United States,37,Male,Tablet,1 Month,30,750,939,1
2021,Basic,12,2022-09-25,2024-03-30,United States,50,Female,Laptop,1 Month,30,385,937,1
2022,Basic,10,2022-10-06,2024-08-15,Canada,48,Female,Laptop,1 Month,30,247,926,1
2023,Standard,11,2022-10-09,2024-06-19,United Kingdom,37,Male,Tablet,1 Month,30,304,923,1
2024,Premium,13,2022-10-11,2023-01-25,Australia,46,Female,Laptop,1 Month,30,815,921,1
2025,Basic,13,2022-10-12,2024-04-02,Germany,46,Male,Laptop,1 Month,30,382,920,1
2026,Basic,15,2022-10-13,2024-01-26,France,39,Male,Smart TV,1 Month,30,449,919,1
2027,Premium,13,2022-10-17,2023-07-27,Brazil,42,Female,Smart TV,1 Month,30,632,915,1
2028,Standard,11,2022-10-19,2023-10-03,Mexico,41,Female,Smartphone,1 Month,30,564,913,1
2029,Standard,10,2022-10-21,2023-08-09,Spain,28,Male,Smart TV,1 Month,30,619,911,1
2030,Basic,14,2022-10-23,2024-07-10,Italy,43,Male,Tablet,1 Month,30,283,909,1
2031,Premium,14,2022-10-25,2024-09-11,Spain,45,Female,Smart TV,1 Month,30,220,907,1
2032,Standard,10,2022-10-27,2024-06-01,Spain,45,Male,Smart TV,1 Month,30,322,905,1
2033,Basic,13,2022-10-31,2023-12-08,United States,48,Male,Smartphone,1 Month,30,498,901,1
2034,Standard,12,2022-11-02,2024-08-29,Canada,30,Male,Laptop,1 Month,30,233,899,1
2035,Premium,11,2022-11-04,2023-05-19,United States,51,Female,Smart TV,1 Month,30,701,897,1
2036,Basic,12,2022-11-05,2024-03-07,United States,48,Female,Smartphone,1 Month,30,408,896,1
2037,Premium,13,2022-11-06,2023-09-11,Canada,41,Female,Smart TV,1 Month,30,586,895,1
2038,Standard,11,2022-11-07,2023-10-04,United Kingdom,37,Female,Smartphone,1 Month,30,563,894,1
2039,Basic,11,2022-11-08,2024-05-21,Australia,43,Male,Laptop,1 Month,30,333,893,1
2040,Standard,15,2022-11-08,2024-07-09,Germany,51,Male,Laptop,1 Month,30,284,893,1
2041,Premium,10,2022-11-09,2023-07-14,France,34,Female,Smartphone,1 Month,30,645,892,1
2042,Basic,10,2022-11-09,2023-03-20,Brazil,35,Female,Smartphone,1 Month,30,761,892,1
2043,Standard,12,2022-11-05,2024-06-10,Mexico,45,Female,Smart TV,1 Month,30,313,896,1
2044,Premium,12,2022-11-05,2023-09-18,Spain,31,Male,Smart TV,1 Month,30,579,896,1
2045,Basic,15,2022-11-02,2023-05-17,Italy,50,Female,Laptop,1 Month,30,703,899,1
2046,Premium,12,2022-10-30,2024-08-10,Spain,41,Male,Smartphone,1 Month,30,252,902,1
2047,Basic,11,2022-10-30,2023-01-03,Spain,42,Female,Laptop,1 Month,30,837,902,1
2048,Standard,11,2022-10-24,2023-11-10,United States,41,Male,Tablet,1 Month,30,526,908,1
2049,Standard,14,2022-10-08,2023-01-18,Canada,34,Male,Tablet,1 Month,30,822,924,1
2050,Basic,13,2022-10-04,2024-08-11,United States,35,Female,Smartphone,1 Month,30,251,928,1
2051,Premium,10,2022-09-28,2023-10-15,United States,48,Male,Smartphone,1 Month,30,552,934,1
2052,Basic,11,2022-09-22,2022-12-30,Canada,39,Female,Smart TV,1 Month,30,841,940,1
2053,Standard,14,2022-09-19,2023-12-17,United Kingdom,37,Female,Laptop,1 Month,30,489,943,1
2054,Premium,10,2022-09-13,2024-04-25,Australia,31,Male,Tablet,1 Month,30,359,949,1
2055,Basic,14,2022-09-05,2024-07-07,Germany,29,Female,Laptop,1 Month,30,286,957,1
2056,Premium,10,2022-08-20,2024-02-17,France,36,Male,Tablet,1 Month,30,427,973,1
2057,Basic,10,2022-08-10,2023-11-10,Brazil,32,Male,Smartphone,1 Month,30,526,983,1
2058,Standard,10,2022-08-10,2024-02-29,Mexico,31,Female,Smartphone,1 Month,30,415,983,1
2059,Standard,14,2022-08-06,2023-02-11,Spain,31,Male,Laptop,1 Month,30,798,987,1
2060,Basic,12,2022-08-03,2023-01-28,Italy,29,Male,Smart TV,1 Month,30,812,990,1
2061,Premium,10,2022-08-01,2023-04-17,Spain,48,Male,Smart TV,1 Month,30,733,992,1
2062,Basic,14,2022-07-28,2024-03-10,Spain,46,Male,Tablet,1 Month,30,405,996,1
2063,Standard,15,2022-07-22,2022-10-26,United States,35,Female,Smartphone,1 Month,30,906,1002,1
2064,Premium,11,2022-07-22,2023-09-05,Canada,37,Female,Tablet,1 Month,30,592,1002,1
2065,Basic,12,2022-07-20,2022-10-15,United States,45,Female,Tablet,1 Month,30,917,1004,1
2066,Premium,15,2022-07-12,2023-04-26,United States,48,Female,Laptop,1 Month,30,724,1012,1
2067,Basic,10,2022-07-12,2023-07-18,Canada,44,Female,Laptop,1 Month,30,641,1012,1
2068,Standard,14,2022-07-10,2022-12-16,United Kingdom,47,Female,Laptop,1 Month,30,855,1014,1
2069,Standard,12,2022-07-11,2023-01-28,Australia,35,Male,Smart TV,1 Month,30,812,1013,1
2070,Basic,10,2022-07-11,2024-04-14,Germany,35,Female,Smartphone,1 Month,30,370,1013,1
2071,Premium,11,2022-07-09,2023-03-04,France,35,Male,Smartphone,1 Month,30,777,1015,1
2072,Basic,15,2022-07-10,2023-07-28,Brazil,49,Female,Laptop,1 Month,30,631,1014,1
2073,Standard,11,2022-07-12,2023-11-24,Mexico,50,Female,Tablet,1 Month,30,512,1012,1
2074,Premium,14,2022-07-13,2022-12-05,Spain,44,Male,Smartphone,1 Month,30,866,1011,1
2075,Basic,14,2022-07-15,2023-05-04,Italy,47,Female,Tablet,1 Month,30,716,1009,1
2076,Premium,15,2022-07-16,2024-06-06,Spain,46,Female,Laptop,1 Month,30,317,1008,1
2077,Basic,11,2022-07-19,2023-11-02,Spain,39,Female,Laptop,1 Month,30,534,1005,1
2078,Standard,15,2022-07-23,2024-02-20,United States,34,Male,Laptop,1 Month,30,424,1001,1
2079,Standard,10,2022-07-28,2023-11-22,Canada,31,Female,Smart TV,1 Month,30,514,996,1
2080,Basic,10,2022-08-14,2024-01-02,United States,46,Female,Laptop,1 Month,30,473,979,1
2081,Premium,15,2022-08-18,2023-06-30,United States,30,Male,Smart TV,1 Month,30,659,975,1
2082,Basic,12,2022-08-23,2023-07-21,Canada,29,Male,Tablet,1 Month,30,638,970,1
2083,Standard,12,2022-08-27,2023-08-02,United Kingdom,42,Male,Tablet,1 Month,30,626,966,1
2084,Premium,13,2022-09-01,2023-04-26,Australia,27,Female,Smartphone,1 Month,30,724,961,1
2085,Basic,15,2022-09-02,2024-06-10,Germany,33,Male,Laptop,1 Month,30,313,960,1
2086,Premium,13,2022-09-04,2023-12-23,France,45,Female,Smart TV,1 Month,30,483,958,1
2087,Basic,13,2022-09-11,2024-08-10,Brazil,50,Male,Tablet,1 Month,30,252,951,1
2088,Standard,10,2022-09-16,2024-07-09,Mexico,42,Female,Tablet,1 Month,30,284,946,1
2089,Standard,10,2022-09-19,2022-12-12,Spain,29,Male,Tablet,1 Month,30,859,943,1
2090,Basic,12,2022-09-20,2022-10-31,Italy,31,Female,Tablet,1 Month,30,901,942,1
2091,Premium,13,2022-10-05,2024-08-21,Spain,42,Female,Smartphone,1 Month,30,241,927,1
2092,Basic,10,2022-10-07,2023-12-10,Spain,44,Female,Laptop,1 Month,30,496,925,1
2093,Standard,10,2022-10-10,2024-08-17,United States,34,Male,Smart TV,1 Month,30,245,922,1
2094,Premium,13,2022-10-12,2024-04-08,Canada,40,Female,Smart TV,1 Month,30,376,920,1
2095,Basic,10,2022-10-13,2024-08-28,United States,38,Male,Smart TV,1 Month,30,234,919,1
2096,Basic,15,2022-10-15,2024-05-08,United States,42,Female,Tablet,1 Month,30,346,917,1
2097,Basic,10,2022-10-17,2023-07-10,Canada,47,Male,Tablet,1 Month,30,649,915,1
2098,Standard,15,2022-10-18,2023-08-22,United Kingdom,29,Female,Tablet,1 Month,30,606,914,1
2099,Premium,11,2022-10-20,2023-11-01,Australia,29,Male,Laptop,1 Month,30,535,912,1
2100,Basic,14,2022-10-22,2024-08-08,Germany,44,Female,Smart TV,1 Month,30,254,910,1
2101,Basic,12,2022-10-25,2023-03-07,France,31,Male,Tablet,1 Month,30,774,907,1
2102,Premium,14,2022-10-27,2024-08-16,Brazil,48,Female,Smartphone,1 Month,30,246,905,1
2103,Standard,14,2022-11-01,2024-04-30,Mexico,32,Female,Laptop,1 Month,30,354,900,1
2104,Standard,13,2022-11-02,2023-08-06,Spain,28,Female,Tablet,1 Month,30,622,899,1
2105,Basic,11,2022-11-04,2023-12-02,Italy,36,Female,Smartphone,1 Month,30,504,897,1
2106,Premium,10,2022-11-06,2023-10-22,Spain,28,Female,Smartphone,1 Month,30,545,895,1
2107,Standard,14,2022-11-07,2024-08-30,Spain,32,Female,Smart TV,1 Month,30,232,894,1
2108,Basic,15,2022-11-08,2023-09-19,United States,50,Female,Smartphone,1 Month,30,578,893,1
2109,Standard,12,2022-11-09,2023-05-06,Canada,44,Male,Tablet,1 Month,30,714,892,1
2110,Premium,14,2022-11-10,2023-03-03,United States,44,Female,Smartphone,1 Month,30,778,891,1
2111,Basic,14,2022-11-09,2024-01-18,United States,47,Male,Laptop,1 Month,30,457,892,1
2112,Premium,15,2022-11-09,2024-03-08,Canada,39,Female,Smart TV,1 Month,30,407,892,1
2113,Standard,11,2022-11-07,2023-05-16,United Kingdom,44,Female,Tablet,1 Month,30,704,894,1
2114,Basic,12,2022-11-03,2024-03-06,Australia,46,Female,Tablet,1 Month,30,409,898,1
2115,Standard,10,2022-11-04,2024-06-05,Germany,31,Female,Laptop,1 Month,30,318,897,1
2116,Premium,12,2022-11-01,2024-04-13,France,33,Female,Tablet,1 Month,30,371,900,1
2117,Basic,13,2022-10-27,2024-04-17,Brazil,27,Male,Laptop,1 Month,30,367,905,1
2118,Standard,10,2022-10-23,2024-09-05,Mexico,34,Male,Smart TV,1 Month,30,226,909,1
2119,Premium,14,2022-10-14,2024-03-07,Spain,48,Male,Laptop,1 Month,30,408,918,1
2120,Basic,14,2022-09-28,2024-08-20,Italy,39,Female,Smart TV,1 Month,30,242,934,1
2121,Premium,14,2022-09-25,2023-02-15,Spain,39,Male,Laptop,1 Month,30,794,937,1
2122,Basic,11,2022-09-23,2024-05-22,Spain,48,Female,Smart TV,1 Month,30,332,939,1
2123,Standard,12,2022-09-23,2023-10-18,United States,37,Female,Tablet,1 Month,30,549,939,1
2124,Standard,14,2022-09-14,2023-09-19,Canada,40,Male,Laptop,1 Month,30,578,948,1
2125,Basic,14,2022-09-05,2023-12-27,United States,41,Female,Smartphone,1 Month,30,479,957,1
2126,Premium,12,2022-08-13,2023-03-10,United States,35,Female,Smartphone,1 Month,30,771,980,1
2127,Basic,15,2022-08-12,2023-10-22,Canada,46,Male,Smartphone,1 Month,30,545,981,1
2128,Standard,10,2022-08-10,2024-07-05,United Kingdom,28,Female,Tablet,1 Month,30,288,983,1
2129,Premium,14,2022-08-05,2023-03-18,Australia,29,Female,Laptop,1 Month,30,763,988,1
2130,Basic,10,2022-08-04,2023-12-12,Germany,46,Female,Tablet,1 Month,30,494,989,1
2131,Premium,11,2022-07-28,2023-07-03,France,35,Male,Laptop,1 Month,30,656,996,1
2132,Basic,12,2022-07-24,2023-05-11,Brazil,27,Male,Smart TV,1 Month,30,709,1000,1
2133,Standard,11,2022-07-22,2023-10-13,Mexico,38,Male,Laptop,1 Month,30,554,1002,1
2134,Standard,13,2022-07-22,2023-09-30,Spain,43,Male,Smart TV,1 Month,30,567,1002,1
2135,Basic,15,2022-07-19,2023-01-07,Italy,31,Female,Smartphone,1 Month,30,833,1005,1
2136,Premium,13,2022-07-17,2023-07-23,Spain,29,Female,Tablet,1 Month,30,636,1007,1
2137,Basic,10,2022-07-16,2023-06-26,Spain,34,Female,Tablet,1 Month,30,663,1008,1
2138,Standard,11,2022-07-12,2022-11-19,United States,39,Male,Smartphone,1 Month,30,882,1012,1
2139,Premium,14,2022-07-12,2023-04-11,Canada,34,Female,Smartphone,1 Month,30,739,1012,1
2140,Basic,14,2022-07-13,2023-12-14,United States,51,Male,Tablet,1 Month,30,492,1011,1
2141,Premium,14,2022-07-13,2022-08-23,United States,47,Female,Tablet,1 Month,30,970,1011,1
2142,Basic,12,2022-07-13,2023-04-07,Canada,46,Male,Smartphone,1 Month,30,743,1011,1
2143,Standard,12,2022-07-14,2024-02-24,United Kingdom,46,Female,Smartphone,1 Month,30,420,1010,1
2144,Standard,14,2022-07-15,2022-09-24,Australia,47,Female,Smartphone,1 Month,30,938,1009,1
2145,Basic,14,2022-07-16,2024-03-30,Germany,40,Female,Smart TV,1 Month,30,385,1008,1
2146,Premium,12,2022-07-18,2023-10-19,France,41,Female,Tablet,1 Month,30,548,1006,1
2147,Basic,12,2022-07-23,2023-01-26,Brazil,30,Female,Smartphone,1 Month,30,814,1001,1
2148,Standard,12,2022-07-25,2023-03-27,Mexico,31,Female,Tablet,1 Month,30,754,999,1
2149,Premium,14,2022-07-30,2024-06-28,Spain,42,Male,Smart TV,1 Month,30,295,994,1
2150,Basic,12,2022-08-06,2023-12-10,Italy,46,Female,Tablet,1 Month,30,496,987,1
2151,Premium,13,2022-08-14,2023-01-24,Spain,34,Female,Smart TV,1 Month,30,816,979,1
2152,Basic,14,2022-08-23,2022-11-27,Spain,42,Male,Laptop,1 Month,30,874,970,1
2153,Standard,13,2022-08-27,2022-10-02,United States,45,Male,Tablet,1 Month,30,930,966,1
2154,Standard,12,2022-08-29,2024-03-06,Canada,30,Male,Smart TV,1 Month,30,409,964,1
2155,Basic,12,2022-09-01,2022-12-12,United States,44,Male,Smartphone,1 Month,30,859,961,1
2156,Premium,10,2022-09-07,2023-11-09,United States,37,Male,Smart TV,1 Month,30,527,955,1
2157,Basic,10,2022-09-13,2023-11-21,Canada,43,Male,Smart TV,1 Month,30,515,949,1
2158,Standard,12,2022-09-14,2024-05-13,United Kingdom,46,Male,Smartphone,1 Month,30,341,948,1
2159,Premium,11,2022-09-17,2023-02-23,Australia,40,Female,Tablet,1 Month,30,786,945,1
2160,Basic,11,2022-09-23,2024-01-31,Germany,45,Female,Smartphone,1 Month,30,444,939,1
2161,Premium,10,2022-09-27,2023-05-20,France,48,Female,Smartphone,1 Month,30,700,935,1
2162,Basic,10,2022-10-03,2023-07-25,Brazil,43,Female,Tablet,1 Month,30,634,929,1
2163,Standard,13,2022-10-10,2024-04-28,Mexico,48,Male,Smart TV,1 Month,30,356,922,1
2164,Standard,10,2022-10-12,2023-07-21,Spain,32,Female,Smartphone,1 Month,30,638,920,1
2165,Basic,12,2022-10-14,2023-08-28,Italy,38,Male,Laptop,1 Month,30,600,918,1
2166,Premium,13,2022-10-16,2023-04-27,Spain,50,Male,Smartphone,1 Month,30,723,916,1
2167,Basic,11,2022-10-18,2023-02-19,Spain,33,Female,Laptop,1 Month,30,790,914,1
2168,Standard,14,2022-10-20,2023-03-08,United States,27,Male,Smart TV,1 Month,30,773,912,1
2169,Premium,12,2022-10-22,2023-10-22,Canada,47,Male,Tablet,1 Month,30,545,910,1
2170,Basic,12,2022-10-25,2023-07-19,United States,35,Female,Smart TV,1 Month,30,640,907,1
2171,Basic,12,2022-10-26,2023-12-10,United States,41,Male,Tablet,1 Month,30,496,906,1
2172,Basic,14,2022-10-29,2024-02-06,Canada,39,Female,Smart TV,1 Month,30,438,903,1
2173,Standard,13,2022-10-31,2024-03-26,United Kingdom,46,Female,Smartphone,1 Month,30,389,901,1
2174,Premium,14,2022-11-04,2022-12-28,Australia,33,Female,Smartphone,1 Month,30,843,897,1
2175,Basic,11,2022-11-06,2024-09-18,Germany,30,Male,Laptop,1 Month,30,213,895,1
2176,Basic,13,2022-11-07,2023-04-02,France,46,Male,Tablet,1 Month,30,748,894,1
2177,Premium,15,2022-11-08,2024-04-02,Brazil,42,Female,Tablet,1 Month,30,382,893,1
2178,Standard,11,2022-11-09,2024-01-04,Mexico,28,Female,Tablet,1 Month,30,471,892,1
2179,Standard,10,2022-11-10,2024-05-29,Spain,40,Male,Smart TV,1 Month,30,325,891,1
2180,Basic,14,2022-11-10,2023-02-26,Italy,31,Female,Smart TV,1 Month,30,783,891,1
2181,Premium,13,2022-11-10,2024-07-11,Spain,27,Male,Laptop,1 Month,30,282,891,1
2182,Standard,14,2022-11-09,2023-05-30,Spain,45,Female,Tablet,1 Month,30,690,892,1
2183,Basic,10,2022-11-09,2022-12-20,United States,49,Female,Smart TV,1 Month,30,851,892,1
2184,Standard,12,2022-11-06,2023-04-12,Canada,28,Male,Tablet,1 Month,30,738,895,1
2185,Premium,14,2022-11-03,2024-08-01,United States,33,Male,Smart TV,1 Month,30,261,898,1
2186,Basic,15,2022-10-27,2023-02-25,United States,38,Male,Smart TV,1 Month,30,784,905,1
2187,Premium,15,2022-10-28,2024-09-09,Canada,44,Male,Tablet,1 Month,30,222,904,1
2188,Standard,15,2022-10-18,2024-05-12,United Kingdom,34,Female,Laptop,1 Month,30,342,914,1
2189,Basic,15,2022-10-04,2024-04-17,Australia,35,Male,Laptop,1 Month,30,367,928,1
2190,Standard,10,2022-09-29,2024-08-16,Germany,47,Male,Tablet,1 Month,30,246,933,1
2191,Premium,12,2022-09-29,2024-01-18,France,30,Male,Smartphone,1 Month,30,457,933,1
2192,Basic,12,2022-09-23,2023-11-16,Brazil,50,Female,Smart TV,1 Month,30,520,939,1
2193,Standard,12,2022-09-17,2022-11-28,Mexico,32,Male,Laptop,1 Month,30,873,945,1
2194,Premium,14,2022-09-12,2023-06-22,Spain,36,Female,Smart TV,1 Month,30,667,950,1
2195,Basic,14,2022-08-16,2023-01-22,Italy,40,Female,Smart TV,1 Month,30,818,977,1
2196,Premium,15,2022-08-16,2022-11-13,Spain,39,Male,Smartphone,1 Month,30,888,977,1
2197,Basic,11,2022-08-13,2024-07-05,Spain,28,Male,Smartphone,1 Month,30,288,980,1
2198,Standard,12,2022-08-12,2023-12-21,United States,29,Female,Smart TV,1 Month,30,485,981,1
2199,Standard,14,2022-08-13,2023-06-25,Canada,49,Male,Tablet,1 Month,30,664,980,1
2200,Basic,14,2022-07-30,2024-01-27,United States,40,Male,Laptop,1 Month,30,448,994,1
2201,Premium,12,2022-07-25,2023-12-03,United States,29,Male,Laptop,1 Month,30,503,999,1
2202,Basic,14,2022-07-25,2023-08-03,Canada,35,Female,Tablet,1 Month,30,625,999,1
2203,Standard,14,2022-07-26,2024-05-27,United Kingdom,44,Male,Smartphone,1 Month,30,327,998,1
2204,Premium,11,2022-07-25,2023-09-09,Australia,39,Male,Smart TV,1 Month,30,588,999,1
2205,Basic,12,2022-07-23,2023-05-01,Germany,27,Male,Smart TV,1 Month,30,719,1001,1
2206,Premium,11,2022-07-18,2022-10-11,France,31,Male,Smart TV,1 Month,30,921,1006,1
2207,Basic,13,2022-07-13,2023-11-17,Brazil,39,Female,Laptop,1 Month,30,519,1011,1
2208,Standard,13,2022-07-13,2023-11-11,Mexico,44,Male,Laptop,1 Month,30,525,1011,1
2209,Standard,10,2022-07-13,2022-11-02,Spain,48,Female,Tablet,1 Month,30,899,1011,1
2210,Basic,11,2022-07-13,2022-11-18,Italy,27,Male,Smartphone,1 Month,30,883,1011,1
2211,Premium,13,2022-07-13,2023-01-07,Spain,27,Male,Laptop,1 Month,30,833,1011,1
2212,Basic,14,2022-07-14,2023-07-07,Spain,41,Male,Smart TV,1 Month,30,652,1010,1
2213,Standard,15,2022-07-15,2023-01-16,United States,44,Female,Tablet,1 Month,30,824,1009,1
2214,Premium,12,2022-07-16,2023-02-20,Canada,29,Female,Tablet,1 Month,30,789,1008,1
2215,Basic,13,2022-07-18,2023-12-23,United States,42,Female,Smartphone,1 Month,30,483,1006,1
2216,Premium,15,2022-07-21,2023-05-09,United States,45,Female,Smart TV,1 Month,30,711,1003,1
2217,Basic,11,2022-07-24,2022-11-10,Canada,39,Female,Tablet,1 Month,30,891,1000,1
2218,Standard,15,2022-07-29,2023-10-01,United Kingdom,41,Female,Tablet,1 Month,30,566,995,1
2219,Standard,10,2022-08-06,2024-05-05,Australia,41,Female,Laptop,1 Month,30,349,987,1
2220,Basic,15,2022-08-11,2023-05-27,Germany,41,Male,Smartphone,1 Month,30,693,982,1
2221,Premium,14,2022-08-16,2024-05-21,France,47,Female,Smart TV,1 Month,30,333,977,1
2222,Basic,10,2022-08-21,2024-03-24,Brazil,49,Female,Smartphone,1 Month,30,391,972,1
2223,Standard,12,2022-08-22,2022-12-30,Mexico,29,Male,Laptop,1 Month,30,841,971,1
2224,Premium,10,2022-08-24,2023-09-16,Spain,33,Male,Tablet,1 Month,30,581,969,1
2225,Basic,13,2022-09-02,2023-10-16,Italy,45,Female,Smart TV,1 Month,30,551,960,1
2226,Premium,13,2022-09-06,2023-05-14,Spain,41,Female,Laptop,1 Month,30,706,956,1
2227,Basic,11,2022-09-11,2023-12-04,Spain,31,Male,Laptop,1 Month,30,502,951,1
2228,Standard,15,2022-09-16,2023-02-16,United States,51,Male,Tablet,1 Month,30,793,946,1
2229,Standard,11,2022-09-22,2023-12-17,Canada,43,Female,Smartphone,1 Month,30,489,940,1
2230,Basic,12,2022-09-26,2023-06-13,United States,33,Female,Laptop,1 Month,30,676,936,1
2231,Premium,10,2022-10-02,2023-01-02,United States,47,Female,Smartphone,1 Month,30,838,930,1
2232,Basic,13,2022-10-04,2024-03-01,Canada,40,Female,Laptop,1 Month,30,414,928,1
2233,Standard,14,2022-10-09,2024-07-27,United Kingdom,34,Female,Smartphone,1 Month,30,266,923,1
2234,Premium,15,2022-10-11,2024-06-05,Australia,40,Male,Tablet,1 Month,30,318,921,1
2235,Basic,15,2022-10-15,2024-03-10,Germany,38,Male,Laptop,1 Month,30,405,917,1
2236,Premium,11,2022-10-16,2024-04-16,France,47,Male,Smart TV,1 Month,30,368,916,1
2237,Basic,13,2022-10-18,2023-04-20,Brazil,29,Male,Smart TV,1 Month,30,730,914,1
2238,Standard,14,2022-10-21,2023-02-19,Mexico,49,Female,Smartphone,1 Month,30,790,911,1
2239,Standard,12,2022-10-22,2024-04-29,Spain,40,Male,Smart TV,1 Month,30,355,910,1
2240,Basic,12,2022-10-25,2024-02-21,Italy,51,Female,Laptop,1 Month,30,423,907,1
2241,Premium,11,2022-10-29,2024-07-17,Spain,51,Female,Tablet,1 Month,30,276,903,1
2242,Basic,12,2022-10-30,2024-09-03,Spain,50,Female,Smart TV,1 Month,30,228,902,1
2243,Standard,10,2022-11-04,2024-04-26,United States,47,Female,Laptop,1 Month,30,358,897,1
2244,Premium,10,2022-11-05,2023-06-05,Canada,40,Male,Smart TV,1 Month,30,684,896,1
2245,Basic,15,2022-11-07,2023-12-27,United States,35,Female,Smart TV,1 Month,30,479,894,1
2246,Basic,15,2022-11-08,2024-07-03,United States,37,Female,Smart TV,1 Month,30,290,893,1
2247,Basic,15,2022-11-09,2024-01-17,Canada,30,Male,Tablet,1 Month,30,458,892,1
2248,Standard,15,2022-11-10,2023-08-12,United Kingdom,47,Female,Tablet,1 Month,30,616,891,1
2249,Premium,12,2022-11-11,2024-07-23,Australia,35,Male,Smartphone,1 Month,30,270,890,1
2250,Basic,14,2022-11-10,2024-09-30,Germany,33,Male,Tablet,1 Month,30,201,891,1
2251,Basic,13,2022-11-10,2024-09-19,France,51,Female,Laptop,1 Month,30,212,891,1
2252,Premium,12,2022-11-11,2024-03-25,Brazil,31,Female,Tablet,1 Month,30,390,890,1
2253,Standard,10,2022-11-07,2024-02-02,Mexico,48,Female,Laptop,1 Month,30,442,894,1
2254,Standard,11,2022-11-04,2023-02-06,Spain,40,Male,Laptop,1 Month,30,803,897,1
2255,Basic,15,2022-10-31,2022-12-12,Italy,41,Female,Laptop,1 Month,30,859,901,1
2256,Premium,15,2022-10-29,2023-06-28,Spain,41,Male,Laptop,1 Month,30,661,903,1
2257,Standard,12,2022-10-20,2023-07-18,Spain,28,Female,Laptop,1 Month,30,641,912,1
2258,Basic,13,2022-10-14,2024-03-19,United States,45,Female,Laptop,1 Month,30,396,918,1
2259,Standard,11,2022-10-12,2023-06-11,Canada,32,Female,Laptop,1 Month,30,678,920,1
2260,Premium,10,2022-10-01,2023-10-03,United States,31,Male,Tablet,1 Month,30,564,931,1
2261,Basic,10,2022-09-25,2023-04-15,United States,40,Female,Tablet,1 Month,30,735,937,1
2262,Premium,10,2022-09-23,2023-04-04,Canada,40,Female,Smartphone,1 Month,30,746,939,1
2263,Standard,14,2022-09-19,2024-01-26,United Kingdom,50,Male,Tablet,1 Month,30,449,943,1
2264,Basic,12,2022-09-02,2024-02-10,Australia,41,Male,Smartphone,1 Month,30,434,960,1
2265,Standard,10,2022-08-30,2023-10-28,Germany,43,Male,Tablet,1 Month,30,539,963,1
2266,Premium,15,2022-08-16,2023-07-19,France,43,Male,Tablet,1 Month,30,640,977,1
2267,Basic,11,2022-08-15,2023-03-15,Brazil,36,Female,Smartphone,1 Month,30,766,978,1
2268,Standard,15,2022-08-16,2024-06-04,Mexico,48,Male,Smart TV,1 Month,30,319,977,1
2269,Premium,15,2022-08-01,2024-01-22,Spain,33,Female,Smartphone,1 Month,30,453,992,1
2270,Basic,14,2022-07-27,2024-02-22,Italy,30,Female,Smart TV,1 Month,30,422,997,1
2271,Premium,14,2022-07-26,2024-03-10,Spain,37,Female,Laptop,1 Month,30,405,998,1
2272,Basic,13,2022-07-26,2024-05-09,Spain,49,Male,Smart TV,1 Month,30,345,998,1
2273,Standard,15,2022-07-27,2024-04-10,United States,47,Female,Smartphone,1 Month,30,374,997,1
2274,Standard,10,2022-07-26,2023-04-08,Canada,45,Female,Tablet,1 Month,30,742,998,1
2275,Basic,11,2022-07-23,2023-10-31,United States,50,Male,Smart TV,1 Month,30,536,1001,1
2276,Premium,12,2022-07-20,2023-10-14,United States,36,Male,Smartphone,1 Month,30,553,1004,1
2277,Basic,14,2022-07-14,2024-02-17,Canada,37,Male,Smart TV,1 Month,30,427,1010,1
2278,Standard,15,2022-07-14,2022-09-02,United Kingdom,38,Female,Tablet,1 Month,30,960,1010,1
2279,Premium,10,2022-07-14,2024-02-17,Australia,40,Male,Smart TV,1 Month,30,427,1010,1
2280,Basic,13,2022-07-13,2023-09-12,Germany,38,Female,Smart TV,1 Month,30,585,1011,1
2281,Premium,14,2022-07-14,2024-04-28,France,46,Female,Tablet,1 Month,30,356,1010,1
2282,Basic,10,2022-07-15,2022-11-26,Brazil,40,Female,Smartphone,1 Month,30,875,1009,1
2283,Standard,13,2022-07-16,2023-02-22,Mexico,34,Male,Smart TV,1 Month,30,787,1008,1
2284,Standard,12,2022-07-18,2022-09-02,Spain,39,Female,Smartphone,1 Month,30,960,1006,1
2285,Basic,13,2022-07-19,2022-12-15,Italy,47,Male,Smartphone,1 Month,30,856,1005,1
2286,Premium,15,2022-07-22,2023-09-17,Spain,41,Male,Laptop,1 Month,30,580,1002,1
2287,Basic,12,2022-07-27,2023-10-24,Spain,47,Female,Tablet,1 Month,30,543,997,1
2288,Standard,13,2022-08-02,2023-01-07,United States,50,Male,Smartphone,1 Month,30,833,991,1
2289,Premium,10,2022-08-10,2023-01-16,Canada,31,Male,Tablet,1 Month,30,824,983,1
2290,Basic,13,2022-08-15,2024-04-07,United States,41,Male,Smartphone,1 Month,30,377,978,1
2291,Premium,11,2022-08-18,2024-03-29,United States,31,Female,Laptop,1 Month,30,386,975,1
2292,Basic,12,2022-08-20,2022-10-17,Canada,41,Female,Smart TV,1 Month,30,915,973,1
2293,Standard,12,2022-08-23,2022-12-27,United Kingdom,28,Male,Tablet,1 Month,30,844,970,1
2294,Standard,14,2022-08-24,2022-10-02,Australia,40,Female,Smartphone,1 Month,30,930,969,1
2295,Basic,11,2022-08-30,2023-05-28,Germany,34,Female,Smart TV,1 Month,30,692,963,1
2296,Premium,10,2022-09-06,2023-05-25,France,37,Male,Smartphone,1 Month,30,695,956,1
2297,Basic,13,2022-09-13,2023-07-23,Brazil,30,Female,Laptop,1 Month,30,636,949,1
2298,Standard,12,2022-09-18,2023-05-05,Mexico,32,Male,Tablet,1 Month,30,715,944,1
2299,Premium,14,2022-09-22,2023-01-08,Spain,41,Male,Smartphone,1 Month,30,832,940,1
2300,Basic,13,2022-09-28,2023-04-18,Italy,42,Female,Tablet,1 Month,30,732,934,1
2301,Premium,13,2022-10-03,2024-02-11,Spain,40,Male,Laptop,1 Month,30,433,929,1
2302,Basic,11,2022-10-05,2024-06-06,Spain,30,Female,Smartphone,1 Month,30,317,927,1
2303,Standard,14,2022-10-09,2023-12-28,United States,43,Male,Laptop,1 Month,30,478,923,1
2304,Standard,14,2022-10-15,2024-02-05,Canada,31,Female,Tablet,1 Month,30,439,917,1
2305,Basic,15,2022-10-16,2023-02-09,United States,45,Male,Smartphone,1 Month,30,800,916,1
2306,Premium,10,2022-10-18,2023-02-25,United States,33,Male,Smart TV,1 Month,30,784,914,1
2307,Basic,14,2022-10-19,2022-11-25,Canada,41,Male,Smartphone,1 Month,30,876,913,1
2308,Standard,11,2022-10-22,2023-06-08,United Kingdom,37,Male,Smart TV,1 Month,30,681,910,1
2309,Premium,12,2022-10-23,2024-04-09,Australia,40,Female,Smartphone,1 Month,30,375,909,1
2310,Basic,10,2022-10-29,2023-02-22,Germany,36,Male,Tablet,1 Month,30,787,903,1
2311,Premium,14,2022-10-30,2023-01-10,France,28,Male,Smart TV,1 Month,30,830,902,1
2312,Basic,12,2022-11-03,2023-12-22,Brazil,38,Male,Smartphone,1 Month,30,484,898,1
2313,Standard,11,2022-11-04,2024-08-15,Mexico,36,Female,Tablet,1 Month,30,247,897,1
2314,Standard,12,2022-11-05,2024-02-12,Spain,47,Female,Smart TV,1 Month,30,432,896,1
2315,Basic,12,2022-11-07,2024-01-18,Italy,35,Female,Laptop,1 Month,30,457,894,1
2316,Premium,14,2022-11-09,2024-04-04,Spain,29,Female,Tablet,1 Month,30,380,892,1
2317,Basic,14,2022-11-10,2024-10-03,Spain,49,Female,Smart TV,1 Month,30,198,891,1
2318,Standard,11,2022-11-11,2022-12-27,United States,34,Male,Smart TV,1 Month,30,844,890,1
2319,Premium,13,2022-11-11,2024-09-15,Canada,37,Male,Smart TV,1 Month,30,216,890,1
2320,Basic,14,2022-11-10,2023-05-06,United States,50,Male,Smart TV,1 Month,30,714,891,1
2321,Basic,12,2022-11-11,2023-09-13,United States,38,Male,Smart TV,1 Month,30,584,890,1
2322,Basic,15,2022-11-12,2023-07-31,Canada,37,Female,Smart TV,1 Month,30,628,889,1
2323,Standard,12,2022-11-07,2023-12-07,United Kingdom,34,Male,Laptop,1 Month,30,499,894,1
2324,Premium,13,2022-11-04,2023-07-19,Australia,30,Male,Smart TV,1 Month,30,640,897,1
2325,Basic,13,2022-11-03,2024-09-13,Germany,35,Male,Laptop,1 Month,30,218,898,1
2326,Basic,12,2022-11-01,2024-02-09,France,39,Male,Tablet,1 Month,30,435,900,1
2327,Premium,10,2022-10-29,2023-12-31,Brazil,47,Female,Tablet,1 Month,30,475,903,1
2328,Standard,13,2022-10-26,2023-06-23,Mexico,40,Female,Laptop,1 Month,30,666,906,1
2329,Standard,12,2022-10-25,2023-12-19,Spain,33,Male,Smart TV,1 Month,30,487,907,1
2330,Basic,12,2022-10-22,2024-04-02,Italy,32,Female,Smartphone,1 Month,30,382,910,1
2331,Premium,13,2022-10-16,2024-05-07,Spain,32,Male,Smart TV,1 Month,30,347,916,1
2332,Standard,10,2022-10-15,2024-05-29,Spain,30,Female,Smart TV,1 Month,30,325,917,1
2333,Basic,12,2022-09-19,2024-02-21,United States,49,Male,Tablet,1 Month,30,423,943,1
2334,Standard,13,2022-09-16,2023-12-31,Canada,39,Female,Smartphone,1 Month,30,475,946,1
2335,Premium,15,2022-09-08,2023-06-25,United States,45,Male,Laptop,1 Month,30,664,954,1
2336,Basic,14,2022-08-21,2023-09-04,United States,43,Male,Smartphone,1 Month,30,593,972,1
2337,Premium,10,2022-08-20,2023-09-05,Canada,41,Male,Smartphone,1 Month,30,592,973,1
2338,Standard,10,2022-08-10,2024-02-10,United Kingdom,38,Female,Tablet,1 Month,30,434,983,1
2339,Basic,13,2022-07-31,2023-07-15,Australia,34,Female,Smartphone,1 Month,30,644,993,1
2340,Standard,15,2022-07-30,2023-01-13,Germany,38,Male,Laptop,1 Month,30,827,994,1
2341,Premium,11,2022-07-31,2024-03-01,France,48,Male,Tablet,1 Month,30,414,993,1
2342,Basic,11,2022-07-30,2024-05-12,Brazil,38,Female,Smart TV,1 Month,30,342,994,1
2343,Standard,10,2022-07-30,2023-08-31,Mexico,34,Female,Laptop,1 Month,30,597,994,1
2344,Premium,10,2022-07-27,2023-04-02,Spain,44,Female,Tablet,1 Month,30,748,997,1
2345,Basic,11,2022-07-21,2023-07-22,Italy,39,Male,Smartphone,1 Month,30,637,1003,1
2346,Premium,10,2022-07-20,2023-03-29,Spain,43,Female,Smartphone,1 Month,30,752,1004,1
2347,Basic,13,2022-07-16,2024-05-23,Spain,49,Female,Smart TV,1 Month,30,331,1008,1
2348,Standard,10,2022-07-16,2023-08-09,United States,48,Female,Smart TV,1 Month,30,619,1008,1
2349,Standard,11,2022-07-14,2023-07-07,Canada,47,Female,Tablet,1 Month,30,652,1010,1
2350,Basic,12,2022-07-14,2023-11-18,United States,27,Female,Laptop,1 Month,30,518,1010,1
2351,Premium,14,2022-07-15,2024-02-25,United States,40,Female,Smartphone,1 Month,30,419,1009,1
2352,Basic,11,2022-07-16,2023-08-31,Canada,43,Female,Smart TV,1 Month,30,597,1008,1
2353,Standard,15,2022-07-18,2024-03-28,United Kingdom,30,Female,Laptop,1 Month,30,387,1006,1
2354,Premium,13,2022-07-19,2024-04-25,Australia,43,Female,Smart TV,1 Month,30,359,1005,1
2355,Basic,13,2022-07-22,2023-02-05,Germany,49,Male,Laptop,1 Month,30,804,1002,1
2356,Premium,13,2022-07-25,2023-03-28,France,47,Male,Smartphone,1 Month,30,753,999,1
2357,Basic,13,2022-07-26,2023-09-06,Brazil,33,Male,Smartphone,1 Month,30,591,998,1
2358,Standard,15,2022-08-04,2022-12-30,Mexico,48,Female,Smartphone,1 Month,30,841,989,1
2359,Standard,13,2022-08-12,2023-03-19,Spain,31,Male,Laptop,1 Month,30,762,981,1
2360,Basic,13,2022-08-14,2023-09-17,Italy,30,Male,Tablet,1 Month,30,580,979,1
2361,Premium,14,2022-08-16,2023-02-10,Spain,34,Female,Smartphone,1 Month,30,799,977,1
2362,Basic,12,2022-08-17,2024-06-28,Spain,37,Male,Smartphone,1 Month,30,295,976,1
2363,Standard,11,2022-08-22,2024-01-21,United States,44,Female,Smart TV,1 Month,30,454,971,1
2364,Premium,13,2022-08-26,2023-10-03,Canada,28,Female,Smart TV,1 Month,30,564,967,1
2365,Basic,11,2022-09-06,2023-03-14,United States,47,Male,Smartphone,1 Month,30,767,956,1
2366,Premium,11,2022-09-09,2023-09-24,United States,43,Male,Smart TV,1 Month,30,573,953,1
2367,Basic,12,2022-09-17,2023-07-31,Canada,51,Male,Tablet,1 Month,30,628,945,1
2368,Standard,14,2022-09-19,2023-08-02,United Kingdom,50,Male,Laptop,1 Month,30,626,943,1
2369,Standard,11,2022-09-24,2023-06-06,Australia,40,Female,Smartphone,1 Month,30,683,938,1
2370,Basic,11,2022-09-29,2024-04-03,Germany,31,Female,Laptop,1 Month,30,381,933,1
2371,Premium,15,2022-10-03,2024-04-06,France,29,Female,Smartphone,1 Month,30,378,929,1
2372,Basic,15,2022-10-07,2023-08-05,Brazil,38,Female,Tablet,1 Month,30,623,925,1
2373,Standard,14,2022-10-14,2023-12-19,Mexico,47,Male,Tablet,1 Month,30,487,918,1
2374,Premium,15,2022-10-16,2023-05-16,Spain,30,Male,Tablet,1 Month,30,704,916,1
2375,Basic,13,2022-10-18,2024-09-11,Italy,42,Male,Laptop,1 Month,30,220,914,1
2376,Premium,12,2022-10-19,2024-03-19,Spain,49,Male,Smart TV,1 Month,30,396,913,1
2377,Basic,14,2022-10-20,2023-03-22,Spain,50,Female,Tablet,1 Month,30,759,912,1
2378,Standard,11,2022-10-22,2024-08-07,United States,51,Male,Smart TV,1 Month,30,255,910,1
2379,Standard,11,2022-10-25,2024-01-11,Canada,47,Male,Smartphone,1 Month,30,464,907,1
2380,Basic,13,2022-10-27,2023-05-16,United States,36,Female,Smartphone,1 Month,30,704,905,1
2381,Premium,12,2022-10-30,2023-09-12,United States,30,Female,Laptop,1 Month,30,585,902,1
2382,Basic,12,2022-11-01,2024-02-08,Canada,34,Female,Tablet,1 Month,30,436,900,1
2383,Standard,10,2022-11-05,2023-03-27,United Kingdom,35,Female,Tablet,1 Month,30,754,896,1
2384,Premium,14,2022-11-07,2023-04-07,Australia,30,Male,Smart TV,1 Month,30,743,894,1
2385,Basic,14,2022-11-08,2024-06-03,Germany,30,Male,Tablet,1 Month,30,320,893,1
2386,Premium,11,2022-11-10,2023-07-19,France,41,Female,Smartphone,1 Month,30,640,891,1
2387,Basic,15,2022-11-11,2024-09-01,Brazil,39,Female,Smartphone,1 Month,30,230,890,1
2388,Standard,14,2022-11-12,2023-01-19,Mexico,30,Male,Tablet,1 Month,30,821,889,1
2389,Standard,12,2022-11-11,2024-04-20,Spain,36,Female,Smart TV,1 Month,30,364,890,1
2390,Basic,11,2022-11-11,2023-07-31,Italy,33,Female,Smartphone,1 Month,30,628,890,1
2391,Premium,11,2022-11-12,2024-05-24,Spain,35,Female,Tablet,1 Month,30,330,889,1
2392,Basic,14,2022-11-11,2023-05-08,Spain,46,Male,Tablet,1 Month,30,712,890,1
2393,Standard,12,2022-11-07,2024-01-07,United States,51,Female,Tablet,1 Month,30,468,894,1
2394,Premium,13,2022-11-05,2024-09-25,Canada,42,Female,Smartphone,1 Month,30,206,896,1
2395,Basic,13,2022-11-02,2024-08-30,United States,30,Female,Smart TV,1 Month,30,232,899,1
2396,Basic,10,2022-10-31,2023-09-27,United States,45,Male,Smartphone,1 Month,30,570,901,1
2397,Basic,15,2022-10-29,2023-11-22,Canada,27,Male,Smartphone,1 Month,30,514,903,1
2398,Standard,10,2022-10-25,2023-07-19,United Kingdom,41,Male,Smart TV,1 Month,30,640,907,1
2399,Premium,14,2022-10-23,2024-08-29,Australia,35,Male,Tablet,1 Month,30,233,909,1
2400,Basic,10,2022-10-17,2024-09-08,Germany,30,Male,Laptop,1 Month,30,223,915,1
2401,Basic,11,2022-10-16,2023-07-08,France,35,Female,Laptop,1 Month,30,651,916,1
2402,Premium,12,2022-10-05,2023-05-25,Brazil,47,Female,Smartphone,1 Month,30,695,927,1
2403,Standard,15,2022-09-17,2023-06-29,Mexico,41,Male,Laptop,1 Month,30,660,945,1
2404,Standard,12,2022-09-17,2024-06-05,Spain,48,Female,Tablet,1 Month,30,318,945,1
2405,Basic,12,2022-09-06,2024-07-28,Italy,32,Female,Smart TV,1 Month,30,265,956,1
2406,Premium,13,2022-08-30,2023-05-21,Spain,35,Female,Smart TV,1 Month,30,699,963,1
2407,Standard,11,2022-08-29,2023-09-07,Spain,31,Female,Smartphone,1 Month,30,590,964,1
2408,Basic,12,2022-08-25,2024-03-10,United States,45,Female,Smartphone,1 Month,30,405,968,1
2409,Standard,14,2022-08-03,2023-12-11,Canada,38,Female,Laptop,1 Month,30,495,990,1
2410,Premium,12,2022-08-02,2024-02-23,United States,34,Male,Smartphone,1 Month,30,421,991,1
2411,Basic,15,2022-08-02,2023-04-01,United States,37,Female,Smartphone,1 Month,30,749,991,1
2412,Premium,12,2022-08-01,2023-12-06,Canada,27,Female,Smart TV,1 Month,30,500,992,1
2413,Standard,13,2022-07-31,2023-11-08,United Kingdom,44,Female,Tablet,1 Month,30,528,993,1
2414,Basic,10,2022-07-22,2023-05-30,Australia,46,Male,Smart TV,1 Month,30,690,1002,1
2415,Standard,14,2022-07-22,2024-03-04,Germany,37,Male,Smart TV,1 Month,30,411,1002,1
2416,Premium,14,2022-07-19,2024-04-15,France,44,Male,Tablet,1 Month,30,369,1005,1
2417,Basic,15,2022-07-17,2023-11-21,Brazil,29,Male,Smart TV,1 Month,30,515,1007,1
2418,Standard,13,2022-07-16,2023-09-25,Mexico,28,Female,Laptop,1 Month,30,572,1008,1
2419,Premium,14,2022-07-16,2022-11-10,Spain,50,Male,Smart TV,1 Month,30,891,1008,1
2420,Basic,13,2022-07-16,2022-09-27,Italy,39,Male,Laptop,1 Month,30,935,1008,1
2421,Premium,10,2022-07-16,2023-11-18,Spain,34,Female,Smart TV,1 Month,30,518,1008,1
2422,Basic,14,2022-07-17,2023-05-20,Spain,40,Male,Smart TV,1 Month,30,700,1007,1
2423,Standard,12,2022-07-19,2023-10-12,United States,30,Male,Laptop,1 Month,30,555,1005,1
2424,Standard,14,2022-07-20,2023-08-06,Canada,41,Female,Laptop,1 Month,30,622,1004,1
2425,Basic,12,2022-07-21,2024-01-16,United States,39,Male,Tablet,1 Month,30,459,1003,1
2426,Premium,15,2022-07-23,2024-05-12,United States,51,Male,Smartphone,1 Month,30,342,1001,1
2427,Basic,15,2022-08-03,2022-09-20,Canada,28,Female,Smartphone,1 Month,30,942,990,1
2428,Standard,12,2022-08-06,2022-09-27,United Kingdom,30,Female,Tablet,1 Month,30,935,987,1
2429,Premium,11,2022-08-10,2023-10-26,Australia,30,Female,Smartphone,1 Month,30,541,983,1
2430,Basic,10,2022-08-13,2022-10-11,Germany,44,Female,Tablet,1 Month,30,921,980,1
2431,Premium,12,2022-08-15,2022-12-30,France,29,Female,Smart TV,1 Month,30,841,978,1
2432,Basic,11,2022-08-19,2023-09-19,Brazil,28,Female,Tablet,1 Month,30,578,974,1
2433,Standard,10,2022-08-22,2023-06-28,Mexico,48,Male,Tablet,1 Month,30,661,971,1
2434,Standard,11,2022-08-28,2023-02-01,Spain,42,Female,Smart TV,1 Month,30,808,965,1
2435,Basic,14,2022-09-06,2023-05-22,Italy,39,Male,Smartphone,1 Month,30,698,956,1
2436,Premium,14,2022-09-16,2023-02-03,Spain,44,Female,Smart TV,1 Month,30,806,946,1
2437,Basic,11,2022-09-18,2023-03-02,Spain,49,Male,Smart TV,1 Month,30,779,944,1
2438,Standard,12,2022-09-23,2023-10-19,United States,49,Female,Smart TV,1 Month,30,548,939,1
2439,Premium,10,2022-09-28,2023-05-01,Canada,36,Female,Laptop,1 Month,30,719,934,1
2440,Basic,14,2022-09-29,2024-08-14,United States,50,Female,Laptop,1 Month,30,248,933,1
2441,Premium,10,2022-10-07,2024-06-11,United States,49,Female,Smartphone,1 Month,30,312,925,1
2442,Basic,11,2022-10-08,2023-03-15,Canada,36,Male,Smartphone,1 Month,30,766,924,1
2443,Standard,13,2022-10-10,2023-07-27,United Kingdom,28,Female,Laptop,1 Month,30,632,922,1
2444,Standard,15,2022-10-14,2024-04-10,Australia,45,Female,Smartphone,1 Month,30,374,918,1
2445,Basic,14,2022-10-16,2024-02-06,Germany,31,Female,Smartphone,1 Month,30,438,916,1
2446,Premium,11,2022-10-18,2023-02-28,France,46,Male,Tablet,1 Month,30,781,914,1
2447,Basic,14,2022-10-21,2024-03-16,Brazil,27,Male,Tablet,1 Month,30,399,911,1
2448,Standard,13,2022-10-24,2023-07-04,Mexico,43,Male,Tablet,1 Month,30,655,908,1
2449,Premium,10,2022-10-27,2024-03-30,Spain,51,Female,Smart TV,1 Month,30,385,905,1
2450,Basic,13,2022-10-29,2024-03-14,Italy,47,Female,Smartphone,1 Month,30,401,903,1
2451,Premium,15,2022-10-31,2022-12-09,Spain,48,Female,Tablet,1 Month,30,862,901,1
2452,Basic,14,2022-11-04,2024-01-12,Spain,31,Female,Tablet,1 Month,30,463,897,1
2453,Standard,15,2022-11-06,2023-10-03,United States,48,Female,Smartphone,1 Month,30,564,895,1
2454,Standard,10,2022-11-08,2023-07-26,Canada,36,Male,Smartphone,1 Month,30,633,893,1
2455,Basic,10,2022-11-09,2023-02-12,United States,38,Female,Tablet,1 Month,30,797,892,1
2456,Premium,13,2022-11-11,2023-04-01,United States,39,Male,Smartphone,1 Month,30,749,890,1
2457,Basic,11,2022-11-12,2022-12-24,Canada,48,Male,Tablet,1 Month,30,847,889,1
2458,Standard,12,2022-11-12,2024-01-08,United Kingdom,30,Female,Smart TV,1 Month,30,467,889,1
2459,Premium,12,2022-11-12,2024-04-24,Australia,30,Male,Smart TV,1 Month,30,360,889,1
2460,Basic,15,2022-11-12,2024-07-31,Germany,35,Female,Smart TV,1 Month,30,262,889,1
2461,Premium,13,2022-11-13,2023-08-03,France,41,Male,Laptop,1 Month,30,625,888,1
2462,Basic,11,2022-11-13,2024-08-05,Brazil,40,Female,Smart TV,1 Month,30,257,888,1
2463,Standard,10,2022-11-12,2023-10-21,Mexico,50,Male,Smart TV,1 Month,30,546,889,1
2464,Standard,12,2022-11-05,2024-06-22,Spain,42,Female,Smartphone,1 Month,30,301,896,1
2465,Basic,15,2022-11-03,2022-12-14,Italy,30,Male,Tablet,1 Month,30,857,898,1
2466,Premium,12,2022-10-30,2023-06-25,Spain,34,Male,Laptop,1 Month,30,664,902,1
2467,Basic,15,2022-10-26,2022-12-08,Spain,40,Female,Smartphone,1 Month,30,863,906,1
2468,Standard,14,2022-10-24,2024-08-16,United States,47,Female,Smartphone,1 Month,30,246,908,1
2469,Premium,12,2022-10-24,2024-01-14,Canada,36,Male,Laptop,1 Month,30,461,908,1
2470,Basic,13,2022-10-20,2024-01-29,United States,50,Female,Tablet,1 Month,30,446,912,1
2471,Basic,10,2022-10-17,2023-11-27,United States,46,Male,Smartphone,1 Month,30,509,915,1
2472,Basic,14,2022-09-29,2022-11-17,Canada,27,Female,Tablet,1 Month,30,884,933,1
2473,Standard,12,2022-09-28,2024-06-05,United Kingdom,39,Female,Laptop,1 Month,30,318,934,1
2474,Premium,10,2022-09-06,2022-12-14,Australia,49,Male,Smart TV,1 Month,30,857,956,1
2475,Basic,12,2022-09-05,2023-05-03,Germany,37,Female,Tablet,1 Month,30,717,957,1
2476,Basic,13,2022-08-31,2023-01-08,France,28,Male,Tablet,1 Month,30,832,962,1
2477,Premium,12,2022-08-30,2023-02-07,Brazil,40,Male,Laptop,1 Month,30,802,963,1
2478,Standard,10,2022-08-16,2024-05-29,Mexico,47,Male,Tablet,1 Month,30,325,977,1
2479,Standard,11,2022-08-16,2023-09-30,Spain,51,Female,Laptop,1 Month,30,567,977,1
2480,Basic,13,2022-08-07,2023-01-15,Italy,47,Male,Laptop,1 Month,30,825,986,1
2481,Premium,10,2022-08-05,2022-09-23,Spain,33,Female,Laptop,1 Month,30,939,988,1
2482,Standard,13,2022-08-06,2024-02-22,Spain,37,Female,Laptop,1 Month,30,422,987,1
2483,Basic,15,2022-07-28,2023-04-10,United States,42,Male,Laptop,1 Month,30,740,996,1
2484,Standard,11,2022-07-29,2023-01-28,Canada,50,Female,Smart TV,1 Month,30,812,995,1
2485,Premium,14,2022-07-25,2023-12-05,United States,47,Female,Tablet,1 Month,30,501,999,1
2486,Basic,10,2022-07-25,2023-10-02,United States,40,Female,Smartphone,1 Month,30,565,999,1
2487,Premium,11,2022-07-25,2023-03-13,Canada,35,Male,Smart TV,1 Month,30,768,999,1
2488,Standard,11,2022-07-18,2022-09-23,United Kingdom,29,Female,Smartphone,1 Month,30,939,1006,1
2489,Basic,11,2022-07-17,2023-02-19,Australia,48,Female,Smartphone,1 Month,30,790,1007,1
2490,Standard,10,2022-07-17,2022-10-11,Germany,35,Male,Smart TV,1 Month,30,921,1007,1
2491,Premium,13,2022-07-18,2022-09-05,France,41,Female,Smartphone,1 Month,30,957,1006,1
2492,Basic,14,2022-07-19,2023-05-17,Brazil,29,Female,Laptop,1 Month,30,703,1005,1
2493,Standard,11,2022-07-20,2022-12-15,Mexico,33,Male,Smart TV,1 Month,30,856,1004,1
2494,Premium,12,2022-07-21,2024-03-24,Spain,36,Male,Smart TV,1 Month,30,391,1003,1
2495,Basic,15,2022-07-23,2024-01-19,Italy,43,Female,Laptop,1 Month,30,456,1001,1
2496,Premium,14,2022-07-25,2023-04-01,Spain,28,Female,Smart TV,1 Month,30,749,999,1
2497,Basic,15,2022-08-04,2024-02-10,Spain,33,Female,Smart TV,1 Month,30,434,989,1
2498,Standard,12,2022-08-09,2024-02-04,United States,38,Male,Laptop,1 Month,30,440,984,1
2499,Standard,13,2022-08-12,2023-08-12,Canada,48,Female,Tablet,1 Month,30,616,981,1
2500,Basic,15,2022-08-13,2022-11-05,United States,35,Female,Smart TV,1 Month,30,896,980,1
